Date,Ticker,Action,Open,Close,RSI,ADX,Volume,EMA_20,Market Cap,Sector,Corresponding ETF,SP,Percentage Change,Transaction Price,Duration
2022-03-28,AA,Buy,90.63999938964844,92.45999908447266,63.51206591484766,32.525983991165454,5111300,83.63693603278502,7949121536,Basic Materials,XLB,1.0,,90.63999938964844,2022-03-28 00:00:00
2022-04-06,AA,Sell,89.0,87.7300033569336,54.211274007327916,28.901973325462983,4531400,87.02426871911797,7949121536,Basic Materials,XLB,1.0,-3.2104987337932185,87.7300033569336,9
2022-08-12,ACI,Buy,28.799999237060547,28.06999969482422,68.90772378636852,30.07228922268096,4357000,27.4594666449676,11917701120,Consumer Defensive,XLP,1.0,,28.799999237060547,2022-08-12 00:00:00
2022-08-15,ACI,Sell,27.889999389648438,28.25,56.435973170080885,28.370217032744193,1803200,27.517612649715847,11917701120,Consumer Defensive,XLP,1.0,-1.909719623717192,28.25,3
2022-01-04,ACMR,Buy,29.663333892822266,28.15999984741211,61.1988175998525,31.69328152148978,705900,27.106057743464245,1339385728,Technology,XLK,1.0,,29.663333892822266,2022-01-04 00:00:00
2022-01-05,ACMR,Sell,29.156667709350586,26.649999618530273,52.618900084451994,29.455464539933335,1324800,27.20643318193547,1339385728,Technology,XLK,1.0,-10.158447749600859,26.649999618530273,1
2022-08-01,ADTN,Buy,23.93000030517578,24.610000610351562,74.7514213132456,36.78114499292199,941400,21.97094334089247,439096576,Technology,XLK,1.0,,23.93000030517578,2022-08-01 00:00:00
2022-08-09,ADTN,Sell,23.799999237060547,23.600000381469727,62.36694407875463,29.03321218310222,666800,22.899188989024324,439096576,Technology,XLK,1.0,-1.3790218115236694,23.600000381469727,8
2022-04-18,AEM,Buy,66.30999755859375,65.75,66.8227484559682,30.3252473538118,2743300,62.696095225981466,33981743104,Basic Materials,XLB,1.0,,66.30999755859375,2022-04-18 00:00:00
2022-04-21,AEM,Sell,64.62999725341797,61.7599983215332,60.761813247881,29.783646932715396,3202000,63.2701279727346,33981743104,Basic Materials,XLB,1.0,-6.861709251368941,61.7599983215332,3
2022-03-28,AG,Buy,13.600000381469727,13.359999656677246,63.87324662701078,30.905639248001783,6031400,13.160810942886732,2084082560,Basic Materials,XLB,1.0,,13.600000381469727,2022-03-28 00:00:00
2022-03-30,AG,Sell,13.420000076293945,13.359999656677246,55.993616748678,28.359793163718333,4125800,13.19694494992356,2084082560,Basic Materials,XLB,1.0,-1.7647111622106002,13.359999656677246,2
2022-03-30,AGNC,Buy,13.40999984741211,13.239999771118164,56.26750044317128,32.09089951884091,10503500,13.23941435538013,6971249664,Real Estate,XLRE,1.0,,13.40999984741211,2022-03-30 00:00:00
2022-03-31,AGNC,Sell,13.300000190734863,13.100000381469727,48.08127010712016,30.037872443480843,9427200,13.239470109259944,6971249664,Real Estate,XLRE,1.0,-2.311703724606732,13.100000381469727,1
2022-12-01,AGNC,Buy,10.020000457763672,10.069999694824219,64.36660065678475,30.825514673383044,9424000,9.322303354098132,6971249664,Real Estate,XLRE,1.0,,10.020000457763672,2022-12-01 00:00:00
2022-12-07,AGNC,Sell,9.670000076293945,9.829999923706055,56.21880517976485,29.43371296113495,7842000,9.506561061528126,6971249664,Real Estate,XLRE,0.0,-1.8962128281182007,9.829999923706055,6
2022-11-02,AGCO,Buy,116.37000274658203,115.63999938964844,57.03977628409592,32.6753399960719,688800,114.13248273673682,8008911360,Industrials,XLI,1.0,,116.37000274658203,2022-11-02 00:00:00
2022-11-04,AGCO,Sell,120.91999816894531,120.98999786376953,58.33018473801215,29.780942857213468,448300,114.64119335692381,8008911360,Industrials,XLI,1.0,3.9700910957684035,120.98999786376953,2
2022-04-12,AMT,Buy,258.8800048828125,257.17999267578125,66.55212692187622,30.095142985477956,1518100,252.59737576793611,91405688832,Real Estate,XLRE,1.0,,258.8800048828125,2022-04-12 00:00:00
2022-04-13,AMT,Sell,258.07000732421875,257.1600036621094,57.70840781700881,29.202702052816047,1317800,253.03381547344517,91405688832,Real Estate,XLRE,1.0,-0.6644009534385322,257.1600036621094,1
2022-08-16,ALK,Buy,48.40999984741211,48.2400016784668,67.11331999712885,30.41611800621493,1435700,45.3473973781945,5332001792,Industrials,XLI,1.0,,48.40999984741211,2022-08-16 00:00:00
2022-08-19,ALK,Sell,46.0,45.45000076293945,56.730986246110724,29.250806730428426,1148400,45.81215615274656,5332001792,Industrials,XLI,1.0,-6.114437293539655,45.45000076293945,3
2022-07-28,AGL,Buy,25.020000457763672,25.190000534057617,54.429639166069535,32.67911051648712,1338400,24.874403087934613,2590950656,Healthcare,XLV,1.0,,25.020000457763672,2022-07-28 00:00:00
2022-08-02,AGL,Sell,24.959999084472656,25.809999465942383,54.107284194360204,28.90870981756631,1562000,24.93199564262876,2590950656,Healthcare,XLV,1.0,3.1574699989007207,25.809999465942383,5
2022-04-06,ATGE,Buy,29.3799991607666,29.079999923706055,59.09754502065581,34.05822012841111,629800,28.476577555646568,2421482496,Consumer Defensive,XLP,1.0,,29.3799991607666,2022-04-06 00:00:00
2022-04-12,ATGE,Sell,28.93000030517578,29.18000030517578,54.032884476823526,28.592267489826117,609500,28.62867545845322,2421482496,Consumer Defensive,XLP,1.0,-0.6807313182564496,29.18000030517578,6
2022-11-11,AVTR,Buy,21.510000228881836,21.6200008392334,56.53995572337172,32.92672058158883,6799800,20.171886467665367,16356724736,Basic Materials,XLB,1.0,,21.510000228881836,2022-11-11 00:00:00
2022-11-15,AVTR,Sell,21.420000076293945,21.18000030517578,53.63862921611108,28.913727322995044,5850000,20.3783924615809,16356724736,Basic Materials,XLB,1.0,-1.5341697824017608,21.18000030517578,4
2022-11-02,AWP,Buy,4.039999961853027,3.9200000762939453,55.22213142832469,37.68549044803781,563700,3.886837435531266,320280000,Financial Services,XLF,1.0,,4.039999961853027,2022-11-02 00:00:00
2022-11-03,AWP,Sell,3.880000114440918,3.890000104904175,48.63942949803419,35.617772600972515,274200,3.8899957822705686,320280000,Financial Services,XLF,1.0,-3.7128677813168114,3.890000104904175,1
2022-03-22,BBIO,Buy,10.420000076293945,11.039999961853027,56.940844717531824,36.7558265814842,2376500,9.201226858119123,5241483264,Healthcare,XLV,1.0,,10.420000076293945,2022-03-22 00:00:00
2022-03-29,BBIO,Sell,10.640000343322754,10.859999656677246,54.97433675058452,28.61922209535853,1821200,9.76614468546085,5241483264,Healthcare,XLV,1.0,4.22264469444989,10.859999656677246,7
2022-07-28,BEAM,Buy,67.77999877929688,65.68000030517578,73.20483899845873,35.56583360497512,693800,56.88710952599037,1960650496,Healthcare,XLV,1.0,,67.77999877929688,2022-07-28 00:00:00
2022-08-05,BEAM,Sell,60.560001373291016,63.43000030517578,60.322075860554534,29.52725331885789,1112100,59.195393443312014,1960650496,Healthcare,XLV,1.0,-6.417820230840404,63.43000030517578,8
2022-03-30,AXTA,Buy,25.440000534057617,25.09000015258789,52.00020219432957,34.1328028317233,2150300,24.974134800572795,7852791296,Basic Materials,XLB,1.0,,25.440000534057617,2022-03-30 00:00:00
2022-03-31,AXTA,Sell,24.989999771118164,24.579999923706055,47.591466344679496,31.766726281560697,1754300,24.985169596002805,7852791296,Basic Materials,XLB,1.0,-3.380505472868379,24.579999923706055,1
2022-11-28,BNS,Buy,53.0099983215332,52.869998931884766,67.16085794710932,32.25440909961983,2187100,51.03082167871654,58195554304,Financial Services,XLF,1.0,,53.0099983215332,2022-11-28 00:00:00
2022-12-01,BNS,Sell,52.36000061035156,52.22999954223633,56.863177611565455,28.772370405483084,1378700,51.30875123498806,58195554304,Financial Services,XLF,1.0,-1.4714182305114911,52.22999954223633,3
2022-11-09,BG,Buy,103.06999969482422,99.93000030517578,73.02614948997964,31.022403193524717,1799900,96.10353324047882,15234206720,Consumer Defensive,XLP,1.0,,103.06999969482422,2022-11-09 00:00:00
2022-11-15,BG,Sell,99.5199966430664,99.76000213623047,55.220931666497364,29.635459164275797,1582400,97.57633220591896,15234206720,Consumer Defensive,XLP,1.0,-3.211407362369446,99.76000213623047,6
2022-12-01,BPMC,Buy,47.790000915527344,47.4900016784668,53.70585358739841,36.414018689199544,599100,45.61057319030419,6609839616,Healthcare,XLV,1.0,,47.790000915527344,2022-12-01 00:00:00
2022-12-07,BPMC,Sell,48.11000061035156,46.849998474121094,54.24748523703992,28.721800082896902,372000,46.67266315107256,6609839616,Healthcare,XLV,1.0,-1.9669437610344047,46.849998474121094,6
2022-01-21,BP,Buy,30.850000381469727,30.709999084472656,68.12896221393365,30.839652044271705,17472600,29.692833461503618,106102939648,Energy,XLE,1.0,,30.850000381469727,2022-01-21 00:00:00
2022-01-25,BP,Sell,30.25,31.399999618530273,54.84227771211927,28.441955715816842,17655000,29.80782953647776,106102939648,Energy,XLE,1.0,1.7828176021382087,31.399999618530273,4
2022-11-15,BRKR,Buy,70.51000213623047,68.86000061035156,71.95765000184016,30.123548305805432,681300,63.6501461624195,9520897024,Healthcare,XLV,1.0,,70.51000213623047,2022-11-15 00:00:00
2022-11-22,BRKR,Sell,67.04000091552734,68.30999755859375,59.27045970552762,28.96968551972838,541300,64.9932172080528,9520897024,Healthcare,XLV,1.0,-3.1201312026429235,68.30999755859375,7
2022-02-07,BSIG,Buy,23.260000228881836,23.719999313354492,50.79842676814999,40.841861041088,1120900,22.836129863861718,837221248,Financial Services,XLF,1.0,,23.260000228881836,2022-02-07 00:00:00
2022-02-15,BSIG,Sell,24.709999084472656,24.829999923706055,55.74765529479444,28.217100187664943,978800,23.44769426330028,837221248,Financial Services,XLF,0.0,6.749783660254471,24.829999923706055,8
2022-01-05,C,Buy,64.0999984741211,62.849998474121094,57.46008013538501,32.69667307965914,25149100,61.64959168210062,118852591616,Financial Services,XLF,1.0,,64.0999984741211,2022-01-05 00:00:00
2022-01-10,C,Sell,66.45999908447266,66.02999877929688,64.60608271903335,29.87045741918023,28693700,62.417491641458454,118852591616,Financial Services,XLF,1.0,3.010920984584695,66.02999877929688,5
2022-01-13,C,Buy,67.52999877929688,67.77999877929688,69.26649680679864,30.645324770091744,29222000,63.56656664483493,118852591616,Financial Services,XLF,1.0,,67.52999877929688,2022-01-13 00:00:00
2022-01-19,C,Sell,65.66000366210938,64.23999786376953,55.60079694863469,29.241347340595105,22817100,64.34996033589847,118852591616,Financial Services,XLF,0.0,-4.871910225083525,64.23999786376953,6
2022-03-28,CENX,Buy,27.649999618530273,27.799999237060547,65.02315830767003,30.114306081503432,1716800,25.425441933290738,1699200128,Basic Materials,XLB,1.0,,27.649999618530273,2022-03-28 00:00:00
2022-03-29,CENX,Sell,26.469999313354492,26.31999969482422,62.336798431888695,29.841037461823113,1752800,25.65159024793548,1699200128,Basic Materials,XLB,1.0,-4.810126372713311,26.31999969482422,1
2022-08-18,CINF,Buy,106.26000213623047,106.16999816894531,52.03655661733584,31.848220696119775,623100,104.1140327918018,18423492608,Financial Services,XLF,1.0,,106.26000213623047,2022-08-18 00:00:00
2022-08-19,CINF,Sell,105.30000305175781,103.87999725341797,51.35385955465006,29.730894703160963,631700,104.30983901819643,18423492608,Financial Services,XLF,1.0,-2.2397937464383055,103.87999725341797,1
2022-03-28,CLF,Buy,32.599998474121094,33.06999969482422,79.81959229376112,36.679540001563865,17481000,26.81737776912595,8216225792,Basic Materials,XLB,1.0,,32.599998474121094,2022-03-28 00:00:00
2022-04-12,CLF,Sell,30.950000762939453,30.799999237060547,58.174793265237454,29.873513749196473,14414100,30.04212244579176,8216225792,Basic Materials,XLB,1.0,-5.521470310771465,30.799999237060547,15
2022-11-14,COLB,Buy,34.650001525878906,34.43000030517578,69.24218047486697,30.919091159200793,561100,32.918562347156254,4036807936,Financial Services,XLF,1.0,,34.650001525878906,2022-11-14 00:00:00
2022-11-18,COLB,Sell,34.119998931884766,33.93000030517578,55.62612973225908,29.648503164628664,710000,33.25463872443131,4036807936,Financial Services,XLF,1.0,-2.0779255093694027,33.93000030517578,4
2022-03-30,COLD,Buy,27.760000228881836,27.90999984741211,60.52247298318236,35.42007700412627,1554200,27.04857679120199,7602097152,Real Estate,XLRE,1.0,,27.760000228881836,2022-03-30 00:00:00
2022-04-08,COLD,Sell,28.56999969482422,28.309999465942383,56.85667024970892,29.89982566362158,1481100,27.810815025632518,7602097152,Real Estate,XLRE,1.0,1.981265246850831,28.309999465942383,9
2022-12-01,COO,Buy,80.23249816894531,81.65499877929688,64.00245922644974,30.316312448165682,1270400,75.1879174551789,18744678400,Healthcare,XLV,1.0,,80.23249816894531,2022-12-01 00:00:00
2022-12-12,COO,Sell,77.75499725341797,78.52999877929688,53.05119053884982,29.769402619886836,1992000,77.2663184475893,18744678400,Healthcare,XLV,1.0,-2.121957347088321,78.52999877929688,11
2022-08-04,CPRT,Buy,32.55500030517578,32.584999084472656,72.20873369012627,30.446136977818863,4083600,30.37856563406761,51059531776,Industrials,XLI,1.0,,32.55500030517578,2022-08-04 00:00:00
2022-08-22,CPRT,Sell,31.6875,31.190000534057617,57.18238478553659,29.59719559297223,3732400,31.79554369741531,51059531776,Industrials,XLI,1.0,-4.192903573406351,31.190000534057617,18
2022-08-17,CROX,Buy,77.86000061035156,76.75,67.0348072405903,30.231511221133093,1233200,70.79385426748716,9447737344,Consumer Cyclical,XLY,1.0,,77.86000061035156,2022-08-17 00:00:00
2022-08-22,CROX,Sell,70.9800033569336,72.43000030517578,54.82395127592715,29.87296147470781,1209500,71.98190299251567,9447737344,Consumer Cyclical,XLY,1.0,-6.974056335229283,72.43000030517578,5
2022-11-29,CTLP,Buy,3.430000066757202,3.5799999237060547,50.32925142220625,30.552314012141345,650300,3.3309126015008634,521317408,Technology,XLK,1.0,,3.430000066757202,2022-11-29 00:00:00
2022-11-30,CTLP,Sell,3.5899999141693115,3.630000114440918,57.823983075904174,28.671758030244742,1404100,3.3546352036156435,521317408,Technology,XLK,0.0,5.830905066797864,3.630000114440918,1
2022-12-02,CTLT,Buy,51.59000015258789,52.25,52.15689384343898,36.27678154549086,4207500,48.53017633277983,9734914048,Healthcare,XLV,1.0,,51.59000015258789,2022-12-02 00:00:00
2022-12-06,CTLT,Sell,50.83000183105469,48.220001220703125,49.36730017737273,32.03056589706617,2253500,49.064021939590916,9734914048,Healthcare,XLV,1.0,-6.532271606740279,48.220001220703125,4
2022-01-11,CUBI,Buy,71.97000122070312,71.02999877929688,63.99238064155555,30.624026576616025,570800,65.86367661612391,1433835520,Financial Services,XLF,1.0,,71.97000122070312,2022-01-11 00:00:00
2022-01-14,CUBI,Sell,70.0999984741211,74.70999908447266,62.886485604417665,29.796061392919963,426500,67.16342497653854,1433835520,Financial Services,XLF,1.0,3.807138831868374,74.70999908447266,3
2022-01-04,DCPH,Buy,11.050000190734863,10.649999618530273,52.315535767060354,30.97682210051858,4411300,10.129165681604274,2208596992,Healthcare,XLV,1.0,,11.050000190734863,2022-01-04 00:00:00
2022-01-05,DCPH,Sell,10.479999542236328,9.680000305175781,49.01421321395139,29.08538570441863,3577900,10.178768913692464,2208596992,Healthcare,XLV,0.0,-12.398188795578404,9.680000305175781,1
2022-08-18,DAY,Buy,67.48999786376953,66.47000122070312,68.10300799965412,30.005373764437163,786400,62.55406892809944,7809733632,Technology,XLK,1.0,,67.48999786376953,2022-08-18 00:00:00
2022-08-19,DAY,Sell,65.33999633789062,64.83999633789062,63.89968108697389,29.809917058472227,1191800,62.92701486072836,7809733632,Technology,XLK,1.0,-3.9265100159404502,64.83999633789062,1
2022-11-21,DELL,Buy,41.560001373291016,41.06999969482422,62.660929341097685,31.184328612481355,7317500,39.960928641553814,99151093760,Technology,XLK,1.0,,41.560001373291016,2022-11-21 00:00:00
2022-11-22,DELL,Sell,41.72999954223633,43.849998474121094,57.216714307049656,29.548062852287284,12566200,40.066554456150996,99151093760,Technology,XLK,1.0,5.510098713090442,43.849998474121094,1
2022-04-20,DLTR,Buy,172.25999450683594,174.0800018310547,75.29500972735484,30.481390440814604,2727200,162.36591028062801,25739048960,Consumer Defensive,XLP,1.0,,172.25999450683594,2022-04-20 00:00:00
2022-04-28,DLTR,Sell,166.89999389648438,167.11000061035156,55.3122352605087,28.660608952669588,1351000,165.5305115166567,25739048960,Consumer Defensive,XLP,1.0,-2.9896633349073998,167.11000061035156,8
2022-12-06,DOCS,Buy,35.22999954223633,33.790000915527344,66.73952478725897,30.830697055257364,1939100,31.747062507017816,5141862912,Healthcare,XLV,1.0,,35.22999954223633,2022-12-06 00:00:00
2022-12-19,DOCS,Sell,35.0,33.75,57.87712419821338,29.64699957820981,1235800,33.91150948741281,5141862912,Healthcare,XLV,0.0,-4.200963841801914,33.75,13
2022-01-04,DSX,Buy,4.230000019073486,4.269999980926514,56.809583805831465,32.6840883934369,547400,3.974647886949539,359759776,Industrials,XLI,1.0,,4.230000019073486,2022-01-04 00:00:00
2022-01-06,DSX,Sell,4.079999923706055,4.099999904632568,50.13869992286642,29.041017323715312,459800,4.008226494468779,359759776,Industrials,XLI,1.0,-3.0732887436107483,4.099999904632568,2
2022-04-12,EBR,Buy,9.229999542236328,9.010000228881836,73.54704328152789,30.07446111749197,2118500,7.900661509628927,15033005056,Utilities,XLU,1.0,,9.229999542236328,2022-04-12 00:00:00
2022-04-22,EBR,Sell,8.600000381469727,8.319999694824219,59.64432486316341,29.392500542225708,6772400,8.44108666423504,15033005056,Utilities,XLU,1.0,-9.859153765370895,8.319999694824219,10
2022-08-09,EDIT,Buy,18.610000610351562,17.989999771118164,67.83142944569347,30.35600428607225,1986300,16.731931119165775,427637600,Healthcare,XLV,1.0,,18.610000610351562,2022-08-09 00:00:00
2022-08-10,EDIT,Sell,18.899999618530273,18.549999237060547,59.63717397302122,29.855541690036812,1700300,16.851747181256478,427637600,Healthcare,XLV,1.0,-0.3224146766424106,18.549999237060547,1
2022-03-08,ELP,Buy,6.659999847412109,6.75,50.91188627654905,30.794944588436447,747700,6.635280899403942,5175178752,Utilities,XLU,1.0,,6.659999847412109,2022-03-08 00:00:00
2022-03-09,ELP,Sell,6.869999885559082,6.980000019073486,56.362402853666794,28.992239767168574,720500,6.646206528032138,5175178752,Utilities,XLU,1.0,4.804807492386357,6.980000019073486,1
2022-04-04,ELP,Buy,8.09000015258789,7.960000038146973,71.3794251332128,30.51778949352045,1197600,7.358021365906329,5175178752,Utilities,XLU,1.0,,8.09000015258789,2022-04-04 00:00:00
2022-04-11,ELP,Sell,7.639999866485596,7.619999885559082,58.13314357892315,29.78074593326785,1590000,7.511049576236744,5175178752,Utilities,XLU,1.0,-5.809644723905985,7.619999885559082,7
2022-01-20,EOG,Buy,103.73999786376953,103.5,73.37422599742646,30.340207270662308,4863500,97.25149857436992,71580254208,Energy,XLE,1.0,,103.73999786376953,2022-01-20 00:00:00
2022-01-25,EOG,Sell,102.25,106.94000244140625,62.445580649332896,29.636436226481965,4764900,98.5115197469507,71580254208,Energy,XLE,1.0,3.08463913970669,106.94000244140625,5
2022-02-01,EOG,Buy,110.18000030517578,113.18000030517578,74.3818397301079,30.190494875340395,4590900,102.76089321256534,71580254208,Energy,XLE,1.0,,110.18000030517578,2022-02-01 00:00:00
2022-02-18,EOG,Sell,110.56999969482422,111.62000274658203,59.29736246167299,29.969629165604886,3315500,110.15933745778301,71580254208,Energy,XLE,1.0,1.306954472152606,111.62000274658203,17
2022-11-09,EOG,Buy,145.75999450683594,139.6199951171875,75.53519135485918,31.208430857127407,5018600,134.71386016567925,71580254208,Energy,XLE,1.0,,145.75999450683594,2022-11-09 00:00:00
2022-11-22,EOG,Sell,142.0,144.32000732421875,53.20657739901955,28.694492082527336,3386300,139.8074711488097,71580254208,Energy,XLE,1.0,-0.9879166004974391,144.32000732421875,13
2022-01-14,EPD,Buy,23.889999389648438,23.989999771118164,73.12151309073879,31.739303415655538,5590000,22.68808450476392,61889458176,Energy,XLE,1.0,,23.889999389648438,2022-01-14 00:00:00
2022-02-01,EPD,Sell,23.270000457763672,23.790000915527344,55.36587078835,29.533884153889108,8211300,23.548419223846786,61889458176,Energy,XLE,1.0,-0.4185788056755799,23.790000915527344,18
2022-04-22,EPD,Buy,27.100000381469727,26.670000076293945,74.17203455524832,30.042275195941436,6205700,26.26073316665286,61889458176,Energy,XLE,1.0,,27.100000381469727,2022-04-22 00:00:00
2022-04-25,EPD,Sell,26.059999465942383,25.899999618530273,61.81659526421368,29.70864023823606,11662800,26.29971096757106,61889458176,Energy,XLE,0.0,-4.428047033386695,25.899999618530273,3
2022-04-04,EPR,Buy,55.36000061035156,54.33000183105469,69.67012023876798,30.03405295439215,565400,52.74904283560311,3105603584,Real Estate,XLRE,1.0,,55.36000061035156,2022-04-04 00:00:00
2022-04-05,EPR,Sell,54.5,53.400001525878906,62.15874582837484,29.790323848143,473800,52.89961035897945,3105603584,Real Estate,XLRE,1.0,-3.540460734941111,53.400001525878906,1
2022-03-08,ES,Buy,86.56999969482422,85.08999633789062,59.027540537115186,31.115142810343848,2296300,83.66573773284172,20864063488,Utilities,XLU,1.0,,86.56999969482422,2022-03-08 00:00:00
2022-03-09,ES,Sell,84.77999877929688,84.19000244140625,53.16431496744737,29.066114775222832,2721000,83.80138140951304,20864063488,Utilities,XLU,1.0,-2.749217121182758,84.19000244140625,1
2022-04-14,ES,Buy,92.76000213623047,92.5999984741211,69.3651372172685,30.221856143142674,1191500,89.22378951963886,20864063488,Utilities,XLU,1.0,,92.76000213623047,2022-04-14 00:00:00
2022-04-20,ES,Sell,93.37999725341797,93.26000213623047,66.42604039035318,29.57541294235676,933100,90.00980776939171,20864063488,Utilities,XLU,1.0,0.5390254295872946,93.26000213623047,6
2022-04-22,ES,Buy,93.0,92.0,67.6967100969604,30.20690123622811,1089600,90.5841737456695,20864063488,Utilities,XLU,1.0,,93.0,2022-04-22 00:00:00
2022-04-25,ES,Sell,92.31999969482422,90.69000244140625,60.70309737741436,29.8897848714129,1299000,90.71901434132003,20864063488,Utilities,XLU,0.0,-2.4838683425739245,90.69000244140625,3
2022-03-29,EXPD,Buy,106.0,105.33000183105469,50.91808047050518,31.349028130620287,1016100,103.8788352258973,17077366784,Industrials,XLI,1.0,,106.0,2022-03-29 00:00:00
2022-03-30,EXPD,Sell,105.16000366210938,105.12999725341797,51.71953347034697,29.359464842425076,899300,104.01704156924562,17077366784,Industrials,XLI,1.0,-0.8207573080962559,105.12999725341797,1
2022-11-16,EXPD,Buy,114.69999694824219,111.81999969482422,79.99945234905773,30.38457443856026,1738600,101.55974944787229,17077366784,Industrials,XLI,1.0,,114.69999694824219,2022-11-16 00:00:00
2022-11-29,EXPD,Sell,112.51000213623047,113.55999755859375,64.3354661880517,29.927595615447704,2059600,107.76126718857559,17077366784,Industrials,XLI,1.0,-0.9938966172447735,113.55999755859375,13
2022-08-15,EXPI,Buy,18.0,17.190000534057617,70.44872704004024,30.0189882866407,1257700,15.700936586107105,1735835008,Real Estate,XLRE,1.0,,18.0,2022-08-15 00:00:00
2022-08-16,EXPI,Sell,17.020000457763672,17.309999465942383,61.61118080895708,29.968059967197288,1102400,15.84275220019763,1735835008,Real Estate,XLRE,1.0,-3.8333363003200955,17.309999465942383,1
2022-01-06,FDX,Buy,261.989990234375,263.19000244140625,65.0839333312554,31.197838536371957,1857800,253.10890655480895,62494732288,Industrials,XLI,1.0,,261.989990234375,2022-01-06 00:00:00
2022-01-12,FDX,Sell,256.0799865722656,256.2099914550781,53.401990213795145,29.03013788344357,1413500,255.19633767635082,62494732288,Industrials,XLI,1.0,-2.206190692295578,256.2099914550781,6
2022-08-11,FSK,Buy,22.34000015258789,22.360000610351562,65.63801226460674,30.76072049509932,1200400,21.41833364490314,5741352448,Financial Services,XLF,1.0,,22.34000015258789,2022-08-11 00:00:00
2022-08-22,FSK,Sell,21.719999313354492,21.56999969482422,54.957210135087784,28.673895769589837,710300,21.837402482705283,5741352448,Financial Services,XLF,1.0,-3.4467343442451774,21.56999969482422,11
2022-12-08,FSM,Buy,3.9700000286102295,3.880000114440918,65.75143170366897,30.201263457763908,4567600,3.5542332971550405,1910151168,Basic Materials,XLB,1.0,,3.9700000286102295,2022-12-08 00:00:00
2022-12-16,FSM,Sell,3.690000057220459,3.7200000286102295,54.3509333858984,29.9417356135389,5596600,3.6719994322187155,1910151168,Basic Materials,XLB,0.0,-6.297229173761922,3.7200000286102295,8
2022-08-19,FTI,Buy,8.430000305175781,8.470000267028809,62.17134920066892,34.88106172500928,7347000,8.022565555082215,11287209984,Energy,XLE,1.0,,8.430000305175781,2022-08-19 00:00:00
2022-08-29,FTI,Sell,8.550000190734863,8.65999984741211,59.97714187353414,29.797262492955124,3204100,8.263778965539563,11287209984,Energy,XLE,1.0,2.7283455979843194,8.65999984741211,10
2022-11-09,FTI,Buy,12.050000190734863,11.539999961853027,73.69145801218559,30.517341870362745,10031200,10.679788821942862,11287209984,Energy,XLE,1.0,,12.050000190734863,2022-11-09 00:00:00
2022-11-14,FTI,Sell,11.779999732971191,11.699999809265137,65.17910464480003,29.632035388142064,8949700,10.937321166647532,11287209984,Energy,XLE,1.0,-2.904567435101277,11.699999809265137,5
2022-11-17,FTI,Buy,12.079999923706055,12.390000343322754,68.37798857601331,30.106104432577865,5199600,11.251144150895847,11287209984,Energy,XLE,1.0,,12.079999923706055,2022-11-17 00:00:00
2022-11-21,FTI,Sell,11.6899995803833,11.800000190734863,61.43573492042469,29.636522626151667,11478900,11.416786968530245,11287209984,Energy,XLE,1.0,-2.3178785988376855,11.800000190734863,4
2022-08-19,GDDY,Buy,82.08000183105469,81.08000183105469,68.54903212581672,30.001005538562985,507800,78.43789906197091,19679590400,Technology,XLK,1.0,,82.08000183105469,2022-08-19 00:00:00
2022-08-23,GDDY,Sell,80.22000122070312,79.38999938964844,56.18785734974418,29.425512044371366,862100,78.7790964072452,19679590400,Technology,XLK,0.0,-3.277293349655478,79.38999938964844,4
2022-03-30,GDRX,Buy,19.06999969482422,18.959999084472656,50.67633859034789,31.08672795610108,1834800,18.188673250222795,2952863232,Healthcare,XLV,1.0,,19.06999969482422,2022-03-30 00:00:00
2022-03-31,GDRX,Sell,18.979999542236328,19.329999923706055,49.840977368000814,28.99875465514089,2710700,18.262132853484687,2952863232,Healthcare,XLV,1.0,1.3633992293791304,19.329999923706055,1
2022-11-21,GDS,Buy,14.0,13.819999694824219,53.15810166391116,30.26521532121014,983500,13.130873079934494,1473659008,Technology,XLK,1.0,,14.0,2022-11-21 00:00:00
2022-11-22,GDS,Sell,13.4399995803833,11.930000305175781,50.930534827259365,28.561932563649208,5260600,13.196504186114467,1473659008,Technology,XLK,1.0,-14.785712105887278,11.930000305175781,1
2022-11-02,GL,Buy,113.8499984741211,112.26000213623047,61.58055517788037,30.49458100470223,796000,110.95921491709137,7636240384,Financial Services,XLF,1.0,,113.8499984741211,2022-11-02 00:00:00
2022-11-03,GL,Sell,110.83000183105469,112.31999969482422,56.065075263935626,29.632460052014977,442200,111.08309941415224,7636240384,Financial Services,XLF,1.0,-1.343872463594854,112.31999969482422,1
2022-01-05,GOF,Buy,19.149999618530273,19.06999969482422,61.405592886244776,34.11228728518882,945600,18.53711271592263,1906227456,Financial Services,XLF,1.0,,19.149999618530273,2022-01-05 00:00:00
2022-01-10,GOF,Sell,19.100000381469727,19.1200008392334,62.69079102473773,29.64999773244593,544100,18.682174187967625,1906227456,Financial Services,XLF,1.0,-0.15665159213813787,19.1200008392334,5
2022-12-16,GOOD,Buy,19.100000381469727,18.979999542236328,57.43744401075984,30.50132741583509,507100,18.905529476444766,586648640,Real Estate,XLRE,1.0,,19.100000381469727,2022-12-16 00:00:00
2022-12-19,GOOD,Sell,18.940000534057617,18.540000915527344,53.845399400105954,29.224771348547957,173100,18.91262186366301,586648640,Real Estate,XLRE,0.0,-2.9319343181044033,18.540000915527344,3
2022-03-28,GSM,Buy,7.840000152587891,7.860000133514404,54.18547534950513,31.234021148080384,1699600,7.857256038301066,1117915648,Basic Materials,XLB,1.0,,7.840000152587891,2022-03-28 00:00:00
2022-03-29,GSM,Sell,7.769999980926514,8.460000038146973,51.69942440210383,29.876080453736307,1279800,7.857517380702336,1117915648,Basic Materials,XLB,1.0,7.908161651686033,8.460000038146973,1
2022-08-04,GXO,Buy,52.599998474121094,51.65999984741211,71.08790704427632,32.325333390158264,1672100,45.83565992007252,5999069184,Industrials,XLI,1.0,,52.599998474121094,2022-08-04 00:00:00
2022-08-10,GXO,Sell,49.040000915527344,49.279998779296875,51.37110674293015,28.58309949336852,939500,46.82056064657625,5999069184,Industrials,XLI,1.0,-6.3117866751605325,49.279998779296875,6
2022-11-25,HMY,Buy,3.619999885559082,3.569999933242798,68.9461117410398,30.033270446499277,2493500,3.2286326610344016,5942464000,Basic Materials,XLB,1.0,,3.619999885559082,2022-11-25 00:00:00
2022-11-30,HMY,Sell,3.6500000953674316,3.509999990463257,62.30601525866219,29.695653124606565,9471300,3.294133621116522,5942464000,Basic Materials,XLB,1.0,-3.0386712313068633,3.509999990463257,5
2022-03-07,HNRG,Buy,4.170000076293945,3.609999895095825,80.30603640181442,30.665592803992958,923000,3.374246120754831,332133984,Energy,XLE,1.0,,4.170000076293945,2022-03-07 00:00:00
2022-03-08,HNRG,Sell,3.6600000858306885,3.9200000762939453,59.13537169629217,28.736435210312695,404500,3.3966988611682587,332133984,Energy,XLE,1.0,-5.995203727242747,3.9200000762939453,1
2022-08-16,INSM,Buy,27.200000762939453,26.489999771118164,65.44337145480577,30.40856632749665,1159800,24.931200026717416,8180704768,Healthcare,XLV,1.0,,27.200000762939453,2022-08-16 00:00:00
2022-08-18,INSM,Sell,25.760000228881836,25.700000762939453,56.04177539703943,29.804044788353,784100,25.14540412737767,8180704768,Healthcare,XLV,1.0,-5.514705727669611,25.700000762939453,2
2022-01-04,IP,Buy,47.02000045776367,48.470001220703125,50.105609072909786,32.1971581871807,4110600,46.51927677847027,15661200384,Consumer Cyclical,XLY,1.0,,47.02000045776367,2022-01-04 00:00:00
2022-01-06,IP,Sell,49.189998626708984,48.34000015258789,62.48710468685391,29.99660480080622,2773900,46.89410182706636,15661200384,Consumer Cyclical,XLY,0.0,2.8073153593648423,48.34000015258789,2
2022-10-31,IQV,Buy,206.02999877929688,209.6699981689453,63.98283826685718,32.13888639581533,1813000,189.48663718549454,39918198784,Healthcare,XLV,1.0,,206.02999877929688,2022-10-31 00:00:00
2022-11-04,IQV,Sell,205.72999572753906,204.10000610351562,58.633354746034364,28.55433927823633,1096800,195.1116283023325,39918198784,Healthcare,XLV,1.0,-0.9367532336146319,204.10000610351562,4
2022-11-28,IVZ,Buy,19.15999984741211,18.690000534057617,69.42969855528494,30.597807094771916,2844600,17.897914708979254,7066845184,Financial Services,XLF,1.0,,19.15999984741211,2022-11-28 00:00:00
2022-12-01,IVZ,Sell,19.100000381469727,19.43000030517578,63.68332964321786,29.296528684590125,4268100,18.15628096691216,7066845184,Financial Services,XLF,1.0,1.4091882041436454,19.43000030517578,3
2022-01-05,JQC,Buy,6.510000228881836,6.46999979019165,57.64059907035042,32.05590144591969,720700,6.4414491374261935,755342080,Financial Services,XLF,1.0,,6.510000228881836,2022-01-05 00:00:00
2022-01-07,JQC,Sell,6.550000190734863,6.559999942779541,58.12975925970151,28.391384946095986,317700,6.45329507717906,755342080,Financial Services,XLF,1.0,0.7680447333301105,6.559999942779541,2
2022-03-28,KBR,Buy,55.47999954223633,55.189998626708984,65.95795884767409,32.06930272748405,946800,52.35682501452957,8816562176,Industrials,XLI,1.0,,55.47999954223633,2022-03-28 00:00:00
2022-04-01,KBR,Sell,54.630001068115234,54.68000030517578,59.913440041254376,29.808275049547955,2216300,53.07268751148736,8816562176,Industrials,XLI,1.0,-1.4419597037875174,54.68000030517578,4
2022-12-14,KNSA,Buy,15.84000015258789,15.640000343322754,56.78232588405098,30.607776506856794,623400,15.551253686108415,1348571264,Healthcare,XLV,1.0,,15.84000015258789,2022-12-14 00:00:00
2022-12-15,KNSA,Sell,15.390000343322754,15.779999732971191,53.930146341323834,29.22143959142515,369500,15.559705748700257,1348571264,Healthcare,XLV,1.0,-0.378790524234285,15.779999732971191,1
2022-01-19,KMI,Buy,17.850000381469727,17.43000030517578,70.39512571211282,30.0971231953944,16247700,16.879830672754487,43255713792,Energy,XLE,1.0,,17.850000381469727,2022-01-19 00:00:00
2022-01-25,KMI,Sell,17.190000534057617,17.5,60.26675441152124,28.67426110245152,18664900,17.04568739531842,43255713792,Energy,XLE,1.0,-1.960786408907115,17.5,6
2022-08-12,L,Buy,57.72999954223633,58.709999084472656,52.2162333760601,31.093215958321075,651900,56.768266940471925,17003981824,Financial Services,XLF,1.0,,57.72999954223633,2022-08-12 00:00:00
2022-08-15,L,Sell,58.04999923706055,58.47999954223633,58.292368711599096,28.989148372561168,560400,56.953193811329136,17003981824,Financial Services,XLF,1.0,1.2991512315036244,58.47999954223633,3
2022-11-16,LU,Buy,8.960000038146973,7.880000114440918,63.072672891234795,39.05182022814212,7730550,7.309162744073617,5200832000,Financial Services,XLF,1.0,,8.960000038146973,2022-11-16 00:00:00
2022-11-21,LU,Sell,7.519999980926514,6.71999979019165,48.34565564319575,33.292249941302686,4856475,7.440167073374571,5200832000,Financial Services,XLF,1.0,-25.000002660921634,6.71999979019165,5
2022-08-08,MCHP,Buy,71.16000366210938,70.9000015258789,67.16862294823285,30.542306315010418,3131200,66.71575231134585,52201431040,Technology,XLK,1.0,,71.16000366210938,2022-08-08 00:00:00
2022-08-10,MCHP,Sell,69.79000091552734,70.69000244140625,54.83841334487669,29.469338027241808,4192600,67.19860916639286,52201431040,Technology,XLK,1.0,-0.6604850990942078,70.69000244140625,2
2022-11-03,MET,Buy,72.66000366210938,73.11000061035156,73.23845916656492,31.26982860807878,4554200,69.11676898273345,51463974912,Financial Services,XLF,1.0,,72.66000366210938,2022-11-03 00:00:00
2022-12-05,MET,Sell,76.38999938964844,75.4000015258789,68.33959609260639,29.378736369780494,3237400,74.99183227446723,51463974912,Financial Services,XLF,1.0,3.7709850339553186,75.4000015258789,32
2022-01-05,MFG,Buy,2.6500000953674316,2.640000104904175,55.65371528843017,32.09939473601532,603000,2.5747377157827414,51957657600,Financial Services,XLF,1.0,,2.6500000953674316,2022-01-05 00:00:00
2022-01-07,MFG,Sell,2.7100000381469727,2.690000057220459,63.12520532187512,28.743057360231777,431400,2.591338598156888,51957657600,Financial Services,XLF,1.0,1.5094324684347307,2.690000057220459,2
2022-12-02,MFA,Buy,11.0,11.140000343322754,62.80539332585842,30.540175125636257,598400,10.689439569077992,1092277376,Real Estate,XLRE,1.0,,11.0,2022-12-02 00:00:00
2022-12-06,MFA,Sell,10.829999923706055,10.859999656677246,55.14320082129532,29.727925766668612,1303300,10.743554905907365,1092277376,Real Estate,XLRE,1.0,-1.2727303938432173,10.859999656677246,4
2022-12-15,MFA,Buy,11.350000381469727,11.039999961853027,63.75487168724536,30.005387348434702,1679100,11.028962970200036,1092277376,Real Estate,XLRE,1.0,,11.350000381469727,2022-12-15 00:00:00
2022-12-16,MFA,Sell,10.920000076293945,10.859999656677246,53.10524998552517,28.9854398564534,3130900,11.030014112262226,1092277376,Real Estate,XLRE,1.0,-4.317186857477705,10.859999656677246,1
2022-12-15,MRVI,Buy,14.920000076293945,15.010000228881836,54.62157373369252,30.791347564620455,2276100,14.177401343688384,2184189696,Healthcare,XLV,1.0,,14.920000076293945,2022-12-15 00:00:00
2022-12-16,MRVI,Sell,14.899999618530273,14.789999961853027,53.58297957287288,28.855146310882894,4025900,14.25669647561157,2184189696,Healthcare,XLV,1.0,-0.8713144354970362,14.789999961853027,1
2022-03-28,MUR,Buy,40.2400016784668,39.47999954223633,80.79550072391729,30.00558810430047,5016000,38.2724764493443,6528727040,Energy,XLE,1.0,,40.2400016784668,2022-03-28 00:00:00
2022-03-29,MUR,Sell,38.459999084472656,39.939998626708984,58.21180580752314,28.89015444056532,2546100,38.387478648667354,6528727040,Energy,XLE,1.0,-0.7455343917601026,39.939998626708984,1
2022-10-25,MUR,Buy,47.709999084472656,48.04999923706055,69.97299428321267,31.37592513930983,1114800,42.697809613775945,6528727040,Energy,XLE,1.0,,47.709999084472656,2022-10-25 00:00:00
2022-11-08,MUR,Sell,48.2599983215332,48.650001525878906,62.42527548745027,28.97388442672127,1786200,46.05947965716663,6528727040,Energy,XLE,1.0,1.9702420026081624,48.650001525878906,14
2022-11-07,NMR,Buy,3.2899999618530273,3.309999942779541,50.00320340992359,30.114097632893333,1742400,3.2402829053495465,18118703104,Financial Services,XLF,1.0,,3.2899999618530273,2022-11-07 00:00:00
2022-11-08,NMR,Sell,3.3399999141693115,3.3499999046325684,52.492450213497,28.319141638427777,2270900,3.2469226232000223,18118703104,Financial Services,XLF,1.0,1.8237064886088097,3.3499999046325684,1
2022-04-08,NNOX,Buy,13.0,11.9399995803833,66.9892846880179,30.65398393791362,838600,10.829943391672433,483113504,Healthcare,XLV,1.0,,13.0,2022-04-08 00:00:00
2022-04-12,NNOX,Sell,11.34000015258789,10.989999771118164,52.844922999748455,29.305523829137893,503200,10.964647480352102,483113504,Healthcare,XLV,1.0,-15.461540222167969,10.989999771118164,4
2022-01-21,NOV,Buy,15.920000076293945,15.430000305175781,69.05998634964014,30.230857597051816,3867100,15.105635441485125,7443987456,Energy,XLE,1.0,,15.920000076293945,2022-01-21 00:00:00
2022-01-24,NOV,Sell,14.899999618530273,15.579999923706055,57.97037460800689,29.882781899479333,4419400,15.136527333265187,7443987456,Energy,XLE,1.0,-2.1356793401915612,15.579999923706055,3
2022-10-25,NOV,Buy,22.0,22.290000915527344,74.44616618002473,30.057610287047048,3579200,18.703569854480143,7443987456,Energy,XLE,1.0,,22.0,2022-10-25 00:00:00
2022-11-18,NOV,Sell,22.489999771118164,22.649999618530273,58.775825248444654,29.88825401947007,2768800,22.31733294767327,7443987456,Energy,XLE,1.0,2.954543720592152,22.649999618530273,24
2022-05-26,NRG,Buy,47.04999923706055,46.709999084472656,73.75099233482555,31.222350785684934,2888200,43.058745487665995,16886555648,Utilities,XLU,1.0,,47.04999923706055,2022-05-26 00:00:00
2022-06-08,NRG,Sell,45.790000915527344,45.63999938964844,64.42646711339748,29.501288564373745,2027400,44.69309008543249,16886555648,Utilities,XLU,1.0,-2.996811626516403,45.63999938964844,13
2022-08-19,NRG,Buy,43.459999084472656,42.95000076293945,76.67120387211159,30.84373487382047,2358100,39.851906217236575,16886555648,Utilities,XLU,1.0,,43.459999084472656,2022-08-19 00:00:00
2022-08-31,NRG,Sell,40.97999954223633,41.279998779296875,53.37931303332335,29.797439136670693,2780800,40.98234350782297,16886555648,Utilities,XLU,0.0,-5.016107572709658,41.279998779296875,12
2022-08-17,NTAP,Buy,74.33000183105469,73.37000274658203,67.31402548828859,30.10190310222855,1676000,71.7952059943419,24853981184,Technology,XLK,1.0,,74.33000183105469,2022-08-17 00:00:00
2022-08-18,NTAP,Sell,73.7300033569336,75.48999786376953,59.50302089520497,29.033961320178378,931000,71.94518663741239,24853981184,Technology,XLK,1.0,1.5606027231795432,75.48999786376953,1
2022-07-28,NTLA,Buy,67.69000244140625,65.66000366210938,64.08502432567896,31.30773127344656,613200,61.94950654396039,2062643968,Healthcare,XLV,1.0,,67.69000244140625,2022-07-28 00:00:00
2022-08-03,NTLA,Sell,73.0,71.69999694824219,55.8554266254627,29.90354823737516,2837700,62.699456234027096,2062643968,Healthcare,XLV,1.0,5.924057264301423,71.69999694824219,6
2022-08-04,NTLA,Buy,61.900001525878906,65.43000030517578,66.29976207223646,31.236198724596225,2914500,63.556650587761865,2062643968,Healthcare,XLV,1.0,,61.900001525878906,2022-08-04 00:00:00
2022-08-05,NTLA,Sell,63.18000030517578,63.31999969482422,54.83380003387086,29.365545437377225,2012200,63.73506484656319,2062643968,Healthcare,XLV,1.0,2.2940196024900668,63.31999969482422,1
2022-03-28,NTR,Buy,106.31999969482422,106.69000244140625,73.77609687764644,36.401822445663,4243800,97.4268478044543,28990146560,Basic Materials,XLB,1.0,,106.31999969482422,2022-03-28 00:00:00
2022-04-04,NTR,Sell,104.9800033569336,102.80000305175781,61.732292294098755,29.008832772837188,3510100,99.8241730923733,28990146560,Basic Materials,XLB,1.0,-3.310756822018467,102.80000305175781,7
2022-11-01,NEOG,Buy,13.5,13.369999885559082,50.29541746468769,33.838933445357235,3734200,12.675916257509707,2848395008,Healthcare,XLV,1.0,,13.5,2022-11-01 00:00:00
2022-11-03,NEOG,Sell,12.819999694824219,13.020000457763672,47.89512327126224,30.320741664199183,4382300,12.763731917976099,2848395008,Healthcare,XLV,1.0,-3.5555521647135415,13.020000457763672,2
2022-11-15,NEOG,Buy,16.200000762939453,16.280000686645508,69.17387363315348,30.349212537478447,2887800,13.923348124706056,2848395008,Healthcare,XLV,1.0,,16.200000762939453,2022-11-15 00:00:00
2022-12-06,NEOG,Sell,15.710000038146973,15.479999542236328,56.21956939129138,29.551212881086037,2465100,15.502495492974251,2848395008,Healthcare,XLV,1.0,-4.444451770337339,15.479999542236328,21
2022-04-21,O,Buy,75.16999816894531,74.55999755859375,76.36048439797342,30.2633363612882,2734200,71.2199139211243,46203269120,Real Estate,XLRE,1.0,,75.16999816894531,2022-04-21 00:00:00
2022-04-27,O,Sell,72.16999816894531,71.66000366210938,54.180920749492564,29.01145964335496,2955000,71.83586010025307,46203269120,Real Estate,XLRE,0.0,-4.669408796508402,71.66000366210938,6
2022-11-08,OBDC,Buy,12.9399995803833,12.869999885559082,72.07124248414016,30.842982507001203,2521600,11.710774643518725,6570898432,Financial Services,XLF,1.0,,12.9399995803833,2022-11-08 00:00:00
2022-12-05,OBDC,Sell,12.859999656677246,12.449999809265137,55.6222723649072,29.080224992712402,1901200,12.77941698587282,6570898432,Financial Services,XLF,1.0,-3.7867062365364434,12.449999809265137,27
2022-08-05,ODP,Buy,36.29999923706055,37.130001068115234,61.527044069367896,30.59066104933434,515900,35.284722704280114,1405644288,Consumer Cyclical,XLY,1.0,,36.29999923706055,2022-08-05 00:00:00
2022-08-08,ODP,Sell,37.060001373291016,37.38999938964844,63.47665892397987,29.898058828959513,457100,35.46046350083584,1405644288,Consumer Cyclical,XLY,1.0,3.002755304399712,37.38999938964844,3
2022-11-28,OR,Buy,12.579999923706055,12.140000343322754,64.18462794320513,30.206497035450898,665900,12.057606144671029,3096333824,Basic Materials,XLB,1.0,,12.579999923706055,2022-11-28 00:00:00
2022-11-29,OR,Sell,12.270000457763672,12.489999771118164,55.23850862205069,28.7923652654657,471000,12.065453211209288,3096333824,Basic Materials,XLB,1.0,-0.7154225209357289,12.489999771118164,1
2022-01-20,PAA,Buy,10.720000267028809,10.510000228881836,68.23760502209507,30.905784571706825,5002500,10.129392429012775,11925217280,Energy,XLE,1.0,,10.720000267028809,2022-01-20 00:00:00
2022-01-24,PAA,Sell,9.979999542236328,10.109999656677246,52.37188405068219,28.893236633560747,5876000,10.166055960942101,11925217280,Energy,XLE,1.0,-5.690304059298613,10.109999656677246,4
2022-02-10,OTLY,Buy,7.409999847412109,7.53000020980835,54.01268264250913,30.3400328769271,2371700,7.1855725599988505,648615360,Consumer Defensive,XLP,1.0,,7.409999847412109,2022-02-10 00:00:00
2022-02-11,OTLY,Sell,7.539999961853027,7.329999923706055,52.692651765838725,28.21354624376094,3416900,7.218375193314041,648615360,Consumer Defensive,XLP,0.0,-1.079621124877541,7.329999923706055,1
2022-08-18,PCOR,Buy,61.209999084472656,61.369998931884766,62.21081981902148,30.65708435602545,536500,58.131588788292,9822796800,Technology,XLK,1.0,,61.209999084472656,2022-08-18 00:00:00
2022-08-22,PCOR,Sell,57.599998474121094,56.54999923706055,54.72879168971423,28.995935609017334,549500,58.4790554374107,9822796800,Technology,XLK,1.0,-7.613134973227319,56.54999923706055,4
2022-08-17,PCT,Buy,10.5,9.75,79.5974317961695,30.37532893537149,1741700,8.827653634538823,854434944,Industrials,XLI,1.0,,10.5,2022-08-17 00:00:00
2022-08-19,PCT,Sell,9.489999771118164,8.890000343322754,62.19839637592334,29.734543453334624,1007200,8.99021078017608,854434944,Industrials,XLI,1.0,-15.33333006359282,8.890000343322754,2
2022-08-02,PEG,Buy,65.12000274658203,65.1500015258789,66.55195884763468,31.53277812742763,3559500,62.50140699749045,37734543360,Utilities,XLU,1.0,,65.12000274658203,2022-08-02 00:00:00
2022-08-04,PEG,Sell,65.51000213623047,64.7300033569336,63.85084115690247,28.743645403866026,1983200,63.00378201524037,37734543360,Utilities,XLU,1.0,-0.5988933863626218,64.7300033569336,2
2022-11-21,PTC,Buy,123.02999877929688,123.20999908447266,53.802400870722266,31.706012865976106,654600,122.96835453123873,21103683584,Technology,XLK,1.0,,123.02999877929688,2022-11-21 00:00:00
2022-11-22,PTC,Sell,123.97000122070312,124.95999908447266,53.62533734066245,29.935992481468723,618500,122.99136829821339,21103683584,Technology,XLK,1.0,1.5687233392873576,124.95999908447266,1
2022-08-09,RCM,Buy,26.3700008392334,25.719999313354492,70.66886762459477,30.37486685729257,1849000,24.591289251904904,5417339392,Healthcare,XLV,1.0,,26.3700008392334,2022-08-09 00:00:00
2022-08-10,RCM,Sell,26.209999084472656,26.049999237060547,61.89819614395089,29.80198587487314,1055500,24.698785448233437,5417339392,Healthcare,XLV,1.0,-1.2135062267300039,26.049999237060547,1
2022-08-19,PUBM,Buy,21.690000534057617,21.020000457763672,67.71756822876152,30.504203343944617,725300,19.96318853534428,1093488896,Technology,XLK,1.0,,21.690000534057617,2022-08-19 00:00:00
2022-08-22,PUBM,Sell,20.31999969482422,20.139999389648438,58.48611848517218,29.870338556211543,486700,20.063837289860412,1093488896,Technology,XLK,1.0,-7.146155399928965,20.139999389648438,3
2022-11-07,RIG,Buy,4.079999923706055,4.260000228881836,68.9790056714611,30.898423570726187,24267800,3.51971125805056,5081396224,Energy,XLE,1.0,,4.079999923706055,2022-11-07 00:00:00
2022-11-25,RIG,Sell,4.079999923706055,4.059999942779541,55.499813913546866,28.563935678203,5781000,3.9933773193026,5081396224,Energy,XLE,1.0,-0.49019562011037376,4.059999942779541,18
2022-11-02,SAVE,Buy,21.860000610351562,21.450000762939453,62.55160017901987,33.20599966539355,739800,20.792660695892575,399678656,Industrials,XLI,1.0,,21.860000610351562,2022-11-02 00:00:00
2022-11-09,SAVE,Sell,21.450000762939453,21.209999084472656,55.01636658809191,29.954323212874357,652400,21.059034671723893,399678656,Industrials,XLI,1.0,-2.9734744177962424,21.209999084472656,7
2022-11-02,SCS,Buy,7.739999771118164,7.449999809265137,54.90448559416643,38.74686248680046,664300,7.423757791762965,1558756224,Industrials,XLI,1.0,,7.739999771118164,2022-11-02 00:00:00
2022-11-03,SCS,Sell,7.389999866485596,7.539999961853027,46.59012236010666,36.83783650598955,460200,7.426257031525076,1558756224,Industrials,XLI,1.0,-2.583976940302204,7.539999961853027,1
2022-11-07,SCS,Buy,7.880000114440918,7.849999904632568,53.509808918333924,33.373414591608686,689300,7.468795433401092,1558756224,Industrials,XLI,1.0,,7.880000114440918,2022-11-07 00:00:00
2022-11-09,SCS,Sell,7.730000019073486,7.579999923706055,54.60249633050584,29.247716256069484,480000,7.536043411858245,1558756224,Industrials,XLI,1.0,-3.8071089641874725,7.579999923706055,2
2022-02-07,SHEL,Buy,55.72999954223633,55.709999084472656,79.29363696122388,30.91508857705025,4494406,50.50329690233189,230053216256,Energy,XLE,1.0,,55.72999954223633,2022-02-07 00:00:00
2022-02-18,SHEL,Sell,53.2400016784668,53.2400016784668,59.83141232958676,28.981823338562272,2874787,52.78390732666086,230053216256,Energy,XLE,1.0,-4.467966775923668,53.2400016784668,11
2022-03-30,SHW,Buy,257.0,253.00999450683594,53.8807451696312,36.68397199454497,1157500,251.51848421117487,77028179968,Basic Materials,XLB,1.0,,257.0,2022-03-30 00:00:00
2022-03-31,SHW,Sell,253.4499969482422,249.6199951171875,48.56259949564926,34.109828112981,1816700,251.66053281076162,77028179968,Basic Materials,XLB,1.0,-2.8715972306663424,249.6199951171875,1
2022-04-04,SHW,Buy,253.82000732421875,259.0400085449219,50.66274044238518,30.070450239342044,1587500,251.82274929959294,77028179968,Basic Materials,XLB,1.0,,253.82000732421875,2022-04-04 00:00:00
2022-04-05,SHW,Sell,258.2799987792969,257.9700012207031,53.644485440000935,28.20100079045071,1603300,252.5101073229576,77028179968,Basic Materials,XLB,1.0,1.6350144892964844,257.9700012207031,1
2022-11-16,SMG,Buy,62.11000061035156,61.77000045776367,70.9850937719316,30.929366322335266,674900,53.231997322557405,3958329344,Basic Materials,XLB,1.0,,62.11000061035156,2022-11-16 00:00:00
2022-11-22,SMG,Sell,58.34000015258789,56.58000183105469,57.69190320702597,29.551938245226264,886300,55.0080699653766,3958329344,Basic Materials,XLB,1.0,-8.903556150304107,56.58000183105469,6
2022-12-16,SNY,Buy,46.52000045776367,46.97999954223633,59.92442817765193,30.248104323003822,2902300,45.9866391801821,122545086464,Healthcare,XLV,1.0,,46.52000045776367,2022-12-16 00:00:00
2022-12-19,SNY,Sell,46.97999954223633,46.97999954223633,58.695733640450634,29.68941252284987,2139300,46.08124492894917,122545086464,Healthcare,XLV,0.0,0.9888200342781542,46.97999954223633,3
2022-11-28,STR,Buy,30.309999465942383,30.600000381469727,57.5270918654201,30.622305609752935,573800,30.405262416944243,3620474112,Energy,XLE,1.0,,30.309999465942383,2022-11-28 00:00:00
2022-11-29,STR,Sell,30.969999313354492,30.850000381469727,54.33502951742535,28.792614167000977,344600,30.423808889756195,3620474112,Energy,XLE,0.0,1.7815932861830368,30.850000381469727,1
2022-11-09,SUZ,Buy,10.739999771118164,10.539999961853027,69.16024709588964,38.156320760865434,1495800,9.944153157756658,12000444416,Basic Materials,XLB,1.0,,10.739999771118164,2022-11-09 00:00:00
2022-11-23,SUZ,Sell,10.380000114440918,10.369999885559082,55.09214992189943,28.781644761785266,1741300,10.392610037234538,12000444416,Basic Materials,XLB,1.0,-3.4450641847691634,10.369999885559082,14
2022-11-11,SWK,Buy,81.48999786376953,84.19999694824219,56.729649987950346,30.692091553484964,2743800,76.7937672144462,13413633024,Industrials,XLI,1.0,,81.48999786376953,2022-11-11 00:00:00
2022-11-14,SWK,Sell,84.08999633789062,81.16999816894531,60.45014657037695,29.440395827954827,1787700,77.49912242718868,13413633024,Industrials,XLI,1.0,-0.39268585496735015,81.16999816894531,3
2022-08-18,TEAM,Buy,283.0,283.3699951171875,71.39145515588373,30.832033179419618,1122600,251.63767181369877,40830345216,Technology,XLK,1.0,,283.0,2022-08-18 00:00:00
2022-08-23,TEAM,Sell,258.4100036621094,258.2799987792969,55.3027579238374,29.80969770844443,987900,256.2876347693625,40830345216,Technology,XLK,0.0,-8.734982763499337,258.2799987792969,5
2022-08-02,THC,Buy,66.04000091552734,64.91999816894531,65.7745457091986,30.284520507934353,762200,60.489982531525435,13208695808,Healthcare,XLV,1.0,,66.04000091552734,2022-08-02 00:00:00
2022-08-10,THC,Sell,64.2300033569336,65.63999938964844,55.14761809209857,29.564311051432462,771700,62.22379713877897,13208695808,Healthcare,XLV,1.0,-0.6056958212198598,65.63999938964844,8
2022-11-23,TROW,Buy,124.2300033569336,124.4000015258789,60.90715901400793,30.02087498090817,1127700,116.82453583806293,26311440384,Financial Services,XLF,1.0,,124.2300033569336,2022-11-23 00:00:00
2022-11-30,TROW,Sell,120.51000213623047,124.91000366210938,54.71700642447846,29.863283054751538,2736300,118.72118713976037,26311440384,Financial Services,XLF,1.0,0.547372041214574,124.91000366210938,7
2022-11-11,TRU,Buy,62.10499954223633,65.0199966430664,59.20378308682802,39.85124937292962,2065800,56.8661695091262,13968949248,Industrials,XLI,1.0,,62.10499954223633,2022-11-11 00:00:00
2022-11-22,TRU,Sell,60.72999954223633,60.08000183105469,51.815259895075705,28.5267417046694,683700,59.73892580192316,13968949248,Industrials,XLI,1.0,-3.2606033751026464,60.08000183105469,11
2022-02-14,TS,Buy,26.3799991607666,26.110000610351562,73.41347609194838,30.00862020214052,2669100,24.987260184352984,19401889792,Energy,XLE,1.0,,26.3799991607666,2022-02-14 00:00:00
2022-02-22,TS,Sell,24.739999771118164,24.93000030517578,56.31690009065524,28.850760335950287,6448000,25.49545352447667,19401889792,Energy,XLE,1.0,-5.496584161182678,24.93000030517578,8
2022-11-09,TS,Buy,33.13999938964844,32.13999938964844,67.15001157824206,30.519761769337634,2383000,30.72782518103259,19401889792,Energy,XLE,1.0,,33.13999938964844,2022-11-09 00:00:00
2022-11-11,TS,Sell,33.08000183105469,32.97999954223633,57.64467088201165,29.580076229305863,1811200,30.942097277103997,19401889792,Energy,XLE,1.0,-0.48279978985783173,32.97999954223633,2
2022-11-16,TS,Buy,34.880001068115234,34.540000915527344,68.37904479718418,30.57736349711172,2078800,31.603950201569475,19401889792,Energy,XLE,1.0,,34.880001068115234,2022-11-16 00:00:00
2022-11-22,TS,Sell,33.63999938964844,34.380001068115234,56.388067883047555,28.903117348989248,1861400,32.364487115309316,19401889792,Energy,XLE,1.0,-1.433486194635079,34.380001068115234,6
2022-11-09,TW,Buy,57.099998474121094,56.41999816894531,55.642200384785355,36.740847095116294,621800,55.680054360226265,23757312000,Financial Services,XLF,1.0,,57.099998474121094,2022-11-09 00:00:00
2022-11-16,TW,Sell,58.47999954223633,57.77000045776367,57.17963127056892,29.6363996391357,563500,56.7210129255761,23757312000,Financial Services,XLF,1.0,1.1733835403625044,57.77000045776367,7
2022-08-18,TTD,Buy,70.52999877929688,69.12000274658203,67.19627151377877,30.030360206948142,4170000,59.74510760256463,45381201920,Technology,XLK,1.0,,70.52999877929688,2022-08-18 00:00:00
2022-08-23,TTD,Sell,64.0999984741211,63.38999938964844,56.94973632873834,29.46079497163122,2894300,61.38775896404519,45381201920,Technology,XLK,0.0,-10.123351075038283,63.38999938964844,5
2022-08-18,UDR,Buy,50.29999923706055,49.40999984741211,71.22766932678417,30.291001025015724,1797700,48.070493348931485,14558117888,Real Estate,XLRE,1.0,,50.29999923706055,2022-08-18 00:00:00
2022-08-22,UDR,Sell,48.54999923706055,47.7400016784668,57.18595666641038,29.979026539157285,1093800,48.25824981875334,14558117888,Real Estate,XLRE,1.0,-5.089458444181385,47.7400016784668,4
2022-03-30,TXG,Buy,76.27999877929688,74.73999786376953,54.51539818103112,31.26310743981471,1111800,70.94233923112219,2683853312,Healthcare,XLV,1.0,,76.27999877929688,2022-03-30 00:00:00
2022-03-31,TXG,Sell,74.55999755859375,76.06999969482422,51.49952391344394,29.652423795732396,1407600,71.30402100566003,2683853312,Healthcare,XLV,1.0,-0.2753003248993916,76.06999969482422,1
2022-08-01,VNT,Buy,25.530000686645508,25.899999618530273,69.44265818116614,30.267978052878398,723000,23.882297302852457,6172912128,Technology,XLK,1.0,,25.530000686645508,2022-08-01 00:00:00
2022-08-05,VNT,Sell,24.40999984741211,24.719999313354492,53.645790994286244,29.96051822659026,644700,24.46862090304929,6172912128,Technology,XLK,1.0,-3.1727432491402925,24.719999313354492,4
2022-08-17,WDAY,Buy,175.0,175.88999938964844,68.79096363595197,30.532919554739845,2005800,162.46886743432987,56117559296,Technology,XLK,1.0,,175.0,2022-08-17 00:00:00
2022-08-22,WDAY,Sell,165.94000244140625,160.85000610351562,56.185362678048875,29.642026714017003,2856100,164.9777603636668,56117559296,Technology,XLK,1.0,-8.085710797991071,160.85000610351562,5
2022-08-10,WEN,Buy,21.1299991607666,20.739999771118164,61.04536257584693,30.039573837281292,3144300,20.65021479255363,3579570944,Consumer Cyclical,XLY,1.0,,21.1299991607666,2022-08-10 00:00:00
2022-08-11,WEN,Sell,20.959999084472656,21.290000915527344,54.65404328532105,28.075811723922055,3039900,20.65876574289311,3579570944,Consumer Cyclical,XLY,1.0,0.7572255613612494,21.290000915527344,1
2022-08-11,WRB,Buy,64.48999786376953,65.23999786376953,51.43948838680289,37.41852667287395,1262400,63.250884405568456,20716292096,Financial Services,XLF,1.0,,64.48999786376953,2022-08-11 00:00:00
2022-08-23,WRB,Sell,65.81999969482422,65.48999786376953,52.65222827849204,29.282137266615344,565600,65.19546811180403,20716292096,Financial Services,XLF,0.0,1.550628055706294,65.48999786376953,12
2022-10-26,XPRO,Buy,18.399999618530273,18.530000686645508,75.23465215032058,30.405489894739265,636600,15.63073681750119,2574449664,Energy,XLE,1.0,,18.399999618530273,2022-10-26 00:00:00
2022-11-10,XPRO,Sell,18.299999237060547,17.93000030517578,55.900767124486606,28.326914020085272,494000,17.57686434585798,2574449664,Energy,XLE,1.0,-2.554344147274684,17.93000030517578,15
2022-08-16,XP,Buy,21.649999618530273,21.040000915527344,54.62321870415502,31.440697586674283,4746100,20.924011088133565,10414020608,Financial Services,XLF,1.0,,21.649999618530273,2022-08-16 00:00:00
2022-08-17,XP,Sell,20.739999771118164,21.229999542236328,51.27178169282567,29.963503775075036,2968000,20.935057738361543,10414020608,Financial Services,XLF,1.0,-1.9399541972022323,21.229999542236328,1
2022-08-03,ZBRA,Buy,322.2200012207031,326.4100036621094,50.708823657649106,30.814372816775755,531900,324.312314266813,16060335104,Technology,XLK,1.0,,322.2200012207031,2022-08-03 00:00:00
2022-08-04,ZBRA,Sell,325.760009765625,330.5799865722656,52.061213693230236,29.277258939271746,369700,324.5120942092222,16060335104,Technology,XLK,1.0,2.594496095801442,330.5799865722656,1
