Date,Open,High,Low,Close,Adj Close,Volume,ADX,RSI,EMA_20,EMA_50,Upper_BBand,Middle_BBand,Lower_BBand,MACD,MACD_Signal,MACD_Hist,ATR,CCI,Williams_%R,MFI,OBV,Ticker,Corresponding ETF,Sector,SP,Market Cap
2024-02-23,57.119998931884766,57.310001373291016,56.779998779296875,57.119998931884766,56.48583221435547,221600,25.31910233530871,39.55899282812933,58.371645867205416,59.89739990234375,60.35960355262687,58.47449989318848,56.58939623375009,-0.7074349378203735,-0.6396120232133979,-0.06782291460697554,1.2834897395596236,-171.16097553909515,-76.1786755518534,34.335052788792545,-4340900.0,ALE,XLU,Utilities,0.0,3641614336
2024-02-26,56.630001068115234,56.70000076293945,56.0,56.220001220703125,55.5958251953125,191200,25.364108899231308,40.753131633756745,58.25244139717488,59.78848221722771,60.27690779806239,58.358499908447264,56.44009201883214,-0.7231173778325299,-0.6563130941372244,-0.06680428369530556,1.2296692291620892,-101.64654202710268,-67.15122951955865,39.30780708935954,-4119300.0,ALE,XLU,Utilities,0.0,3641614336
2024-02-27,56.599998474121094,56.72999954223633,56.02000045776367,56.65999984741211,56.03093719482422,268300,25.906058778129626,36.62731393446691,58.05887566608233,59.648541785991455,60.32427753719635,58.219000053405765,56.11372256961518,-0.7989582251404954,-0.6848421203378786,-0.1141161048026168,1.2218356364994232,-156.68096495861974,-93.31396412630644,39.949958593943364,-4310500.0,ALE,XLU,Utilities,0.0,3641614336
2024-02-28,56.599998474121094,56.779998779296875,55.90999984741211,56.09000015258789,55.46726608276367,203200,26.372249746128322,39.834268786512446,57.92564939763755,59.53134406290991,60.16566092719033,58.06800003051758,55.97033913384483,-0.8141731498164972,-0.7107083262336024,-0.10346482358289488,1.1852758827832255,-113.98471042251695,-80.52330126694575,41.02930177700107,-4042200.0,ALE,XLU,Utilities,0.0,3641614336
2024-02-29,56.56999969482422,56.970001220703125,56.119998931884766,56.63999938964844,56.01116180419922,255700,26.87836431171447,37.207458421022,57.750825660013774,59.396389399760025,60.03494572925487,57.89250011444092,55.75005449962697,-0.8622854094794974,-0.7410237428827814,-0.121261666596716,1.1627561005761926,-112.83281613101708,-94.88635563160867,36.50985461041134,-4245400.0,ALE,XLU,Utilities,0.0,3641614336
2024-03-01,56.560001373291016,56.869998931884766,55.86000061035156,56.59000015258789,55.96171569824219,220600,27.086680152191725,41.234329404771444,57.64503268188374,59.28829567387329,59.901218211509445,57.76900005340576,55.63678189530208,-0.8462790024473392,-0.762074794795693,-0.08420420765164627,1.142559312543267,-71.04103030703418,-79.26137933799839,45.35112863783567,-3989700.0,ALE,XLU,Utilities,0.0,3641614336
2024-03-04,56.45000076293945,58.02000045776367,56.45000076293945,57.83000183105469,57.187950134277344,344500,27.47506384886541,40.97706101169382,57.544553393379374,59.18248016323465,59.37907907907903,57.57650012969971,55.77392118032039,-0.8280827081284272,-0.7752763774622398,-0.05280633066618745,1.1330906703282624,-72.77553347228852,-79.55183180282394,40.00001589423391,-4210300.0,ALE,XLU,Utilities,0.0,3641614336
2024-03-05,58.189998626708984,58.75,57.189998626708984,57.33000183105469,56.693504333496094,246600,26.356692238073116,49.40761693103788,57.57173895887226,59.12944179726681,59.1856505172115,57.51400012969971,55.84234974218792,-0.7054719993897294,-0.7613155018477377,0.05584350245800829,1.1642984577922593,29.144837638943383,-40.48330290793089,41.10999971642843,-3865800.0,ALE,XLU,Utilities,0.0,3641614336
2024-03-06,57.599998474121094,57.91999816894531,57.45000076293945,57.689998626708984,57.049503326416016,156400,24.54743539752957,46.52207822444415,57.54871637527059,59.05887552408202,59.14517721039647,57.48350028991699,55.82182336943751,-0.6412559512395788,-0.7373035917261059,0.09604764048652714,1.1925629517564562,59.55585824242297,-55.58905423097491,48.33967746926237,-4112400.0,ALE,XLU,Utilities,0.0,3641614336
2024-03-07,58.18000030517578,58.459999084472656,57.33000183105469,57.349998474121094,56.71327590942383,225700,22.867411188453417,48.83886712526827,57.56217182778853,59.00519407712621,59.088890593165914,57.457500267028806,55.8261099408917,-0.5549187793747095,-0.7008266292558266,0.14590784988111716,1.1495224793374683,45.82744289279355,-44.71301008648191,50.82788217441648,-3956000.0,ALE,XLU,Utilities,0.0,3641614336
2024-03-08,57.68000030517578,58.22999954223633,57.380001068115234,57.7599983215332,57.11872482299805,164300,21.712417298253943,46.777687454969374,57.54196484172497,58.94028444563582,59.01070040235655,57.41500015258789,55.81929990281924,-0.5080743545659416,-0.6622761743178496,0.15420181975190794,1.1481278203432181,57.8887531365175,-54.9849255960613,49.41374031147709,-4181700.0,ALE,XLU,Utilities,0.0,3641614336
2024-03-11,57.59000015258789,58.5099983215332,57.59000015258789,58.349998474121094,57.70217514038086,206200,20.639922971640146,49.54310103418721,57.56272993504004,58.893998715278855,59.01162602084135,57.41550006866455,55.81937411648775,-0.43287632046846625,-0.6163962035479729,0.18351988307950662,1.1289759094697909,80.54851354388335,-40.06312906439983,46.5700620943454,-4017400.0,ALE,XLU,Utilities,0.0,3641614336
2024-03-12,58.02000045776367,58.02000045776367,57.11000061035156,57.560001373291016,56.92094802856445,225200,19.936996945183985,53.30325855112626,57.637707891142995,58.872665372488356,59.02140018237597,57.41849994659424,55.815599710812506,-0.3219618790692067,-0.5575093386522196,0.23554745958301293,1.1140489280037567,114.93688434739818,-13.840886171521497,56.69158979913266,-3811200.0,ALE,XLU,Utilities,0.0,3641614336
2024-03-13,57.65999984741211,58.099998474121094,57.459999084472656,57.75,57.10883712768555,288500,18.690214227067383,48.13112691360726,57.630307270395186,58.82118835291199,58.740998708608245,57.339999961853025,55.939001215097804,-0.2944137306993184,-0.5048902170616394,0.21047648636232097,1.1230452805584548,48.259399843300635,-41.17643176574322,58.39872009275121,-4036400.0,ALE,XLU,Utilities,0.0,3641614336
2024-03-14,57.43000030517578,57.59000015258789,56.75,57.41999816894531,56.782501220703125,369700,17.625083900908262,49.402732769957,57.6417065779766,58.779180966523285,58.77974336042268,57.37199993133545,55.964256502248226,-0.2543186957353072,-0.45477591279637297,0.20045721706106578,1.0885420026363106,62.49658473348297,-34.60208343233069,69.23818003951283,-3747900.0,ALE,XLU,Utilities,1.0,3641614336
2024-03-15,57.529998779296875,58.36000061035156,57.41999816894531,58.33000183105469,57.68239974975586,839200,16.931932591045662,47.23664847293716,57.62059149140219,58.72587968034376,58.78030399924315,57.37249984741211,55.964695695581064,-0.2463319204403973,-0.41308711432517786,0.16675519388478055,1.0822175738765742,3.0781916338577284,-46.02083432330688,59.610285661317285,-4117600.0,ALE,XLU,Utilities,1.0,3641614336
2024-03-18,58.119998931884766,58.209999084472656,57.470001220703125,57.869998931884766,57.22750473022461,340600,16.05360175125048,53.31533937976446,57.688154380892904,58.71035505880301,58.69739347705977,57.35349998474121,56.009606492422655,-0.16467438930955325,-0.36340456932205295,0.1987301800124997,1.072059350128694,85.4518871668395,-14.532811683271824,70.92566595379255,-3278400.0,ALE,XLU,Utilities,1.0,3641614336
2024-03-19,57.97999954223633,58.4900016784668,57.560001373291016,57.849998474121094,57.207725524902344,192700,15.238008828583522,50.16893402814014,57.70547290955879,58.67739991657092,58.5593056306763,57.317000007629396,56.07469438458249,-0.1355164478808888,-0.31782694503382014,0.18231049715293135,1.0569122972874703,57.12211523152096,-30.449870379463462,63.10824325111943,-3619000.0,ALE,XLU,Utilities,1.0,3641614336
2024-03-20,57.63999938964844,58.099998474121094,57.459999084472656,57.97999954223633,57.33628463745117,248000,14.799276566192647,50.03068471224924,57.719237249040916,58.64495280118073,58.579891361014106,57.32549991607666,56.07110847113921,-0.11272303800332395,-0.2768061636277209,0.16408312562439697,1.0478471549937782,71.50414600356336,-31.14192788768684,67.93482584448431,-3811700.0,ALE,XLU,Utilities,1.0,3641614336
2024-03-21,58.029998779296875,59.2400016784668,57.869998931884766,58.45000076293945,57.80106735229492,370700,14.254173852720445,50.97632432441299,57.74407175315476,58.61887620279075,58.65001304566348,57.366999816894534,56.08398658812559,-0.08320990473959711,-0.23808691185009617,0.15487700711049907,1.0187151717548253,44.279186171125055,-26.643620082471397,61.806739263377466,-3563700.0,ALE,XLU,Utilities,1.0,3641614336
2024-03-22,58.81999969482422,58.900001525878906,58.45000076293945,58.529998779296875,57.88017654418945,218800,14.930120010678646,54.340582908421794,57.81130308741997,58.61225363652207,58.79234181536153,57.44199981689453,56.09165781842753,-0.02164584363939781,-0.1947986982079565,0.1731528545685587,1.04380714138534,219.29238834746766,-28.31543570938306,68.35686805674834,-3193000.0,ALE,XLU,Utilities,1.0,3641614336
2024-03-25,58.5,59.0099983215332,58.38999938964844,58.52000045776367,57.87028884887695,181300,15.557784300211262,54.90780068411909,57.87975029617015,58.60902795584657,58.93360992166857,57.51249980926514,56.091389696861704,0.033216391788300825,-0.14919568020870505,0.18241207199700588,1.0013924000677767,187.0928394413136,-28.514153436519035,67.427902638999,-2974200.0,ALE,XLU,Utilities,1.0,3641614336
2024-03-26,58.5,58.5,57.54999923706055,57.58000183105469,56.94072723388672,192000,16.247189250952722,54.816144763917585,57.9407265020362,58.60553668141195,58.982326320063805,57.62749977111817,56.27267322217253,0.07502350339095898,-0.10435184348877224,0.17937534687973122,0.974150009483276,145.2120604044738,-28.91569218324629,66.92393370052778,-3155500.0,ALE,XLU,Utilities,1.0,3641614336
2024-03-27,58.040000915527344,58.900001525878906,58.040000915527344,58.81999969482422,58.16695785522461,422400,15.648075191964164,46.89110040926652,57.90637177146653,58.56531962845676,58.954253918358475,57.67349987030029,56.392745822242105,0.03193774877362898,-0.07709392503629199,0.10903167380992097,0.9738536674275509,-20.961274161770397,-66.6666155998033,66.32995743379522,-3347500.0,ALE,XLU,Utilities,1.0,3641614336
2024-03-28,59.06999969482422,59.7599983215332,58.7400016784668,59.63999938964844,58.97785186767578,277600,15.528405633737249,55.940351566639414,57.993383954643456,58.5753070820398,58.96204153716932,57.80999984741211,56.657958157654896,0.0967343489750121,-0.04232827023403118,0.13906261920904328,0.9985783836701699,109.47388472697506,-16.867538173757044,67.92632428623867,-2925100.0,ALE,XLU,Utilities,1.0,3641614336
2024-04-01,59.79999923706055,59.84000015258789,58.619998931884766,59.630001068115234,58.96796798706055,222000,16.235521560722052,60.70822212537911,58.15020447226298,58.617059721553865,59.23796678971709,57.95999984741211,56.68203290510712,0.21181161140965088,0.008499706094705238,0.20331190531494564,1.0001082593413295,190.58437001955636,-3.986677700990935,68.80813654722175,-2647500.0,ALE,XLU,Utilities,1.0,3641614336
2024-04-02,59.5099983215332,60.20000076293945,59.5099983215332,60.060001373291016,59.393192291259766,334300,16.716372333159097,60.62208063955897,58.291137481391765,58.656782911615096,59.42470109019608,58.111999893188475,56.79929869618087,0.29876046531551026,0.06655185793886624,0.232208607376644,1.0158148994386005,141.98209828964477,-6.796086540538872,63.793133924298274,-2869500.0,ALE,XLU,Utilities,1.0,3641614336
2024-04-03,59.709999084472656,60.029998779296875,59.47999954223633,59.7599983215332,59.096519470214844,271500,17.49082155423685,63.050374454495596,58.45960070919169,58.71181108658278,59.77800713143694,58.223499870300294,56.66899260916365,0.39778012773081173,0.13279751189725533,0.2649826158335564,0.9925425810077183,168.14109996633235,-4.057952425759926,69.70737958783178,-2535200.0,ALE,XLU,Utilities,1.0,3641614336
2024-04-04,60.25,60.25,59.16999816894531,59.400001525878906,58.74052047729492,270300,18.16147942032647,60.25842324812736,58.58344810084326,58.75291646834554,59.97899533263681,58.34499969482422,56.71100405701162,0.4468946610757314,0.19561694173295055,0.25127771934278087,0.9630753845825019,126.71137184382921,-12.753691133429236,63.464358723096694,-2806700.0,ALE,XLU,Utilities,1.0,3641614336
2024-04-05,59.029998779296875,59.54999923706055,58.630001068115234,59.310001373291016,58.651519775390625,420300,18.277648112606425,56.99683921679394,58.6612150937038,58.77829235295469,60.09708351247964,58.43049983978271,56.76391616708578,0.45156419881713106,0.24680639314978667,0.2047578056673444,0.9714272736162294,93.40301482779843,-30.035262337774373,64.71278810566746,-3077000.0,ALE,XLU,Utilities,1.0,3641614336
2024-04-08,59.540000915527344,60.470001220703125,59.4900016784668,60.459999084472656,59.78874969482422,226500,17.573477895325826,56.178171430534874,58.7230042631883,58.79914368708553,60.159540442149265,58.52849998474121,56.897459527333154,0.44289713845004997,0.2860245422098393,0.15687259624021066,0.9677537661397354,38.94743350533099,-33.69169599470592,50.43819743834707,-3497300.0,ALE,XLU,Utilities,1.0,3641614336
2024-04-09,60.7599983215332,61.0099983215332,60.47999954223633,60.72999954223633,60.05575180053711,249600,17.889746856977304,63.41013389218894,58.88843234140586,58.86427527129679,60.45665693896754,58.663500022888186,56.87034310680883,0.5227971548555743,0.3333790647389863,0.189418090116588,0.9814856290877622,119.11789450273922,-0.3322966488985545,57.78883696277427,-3270800.0,ALE,XLU,Utilities,1.0,3641614336
2024-04-10,59.61000061035156,59.61000061035156,58.470001220703125,58.849998474121094,58.196624755859375,280400,18.6609434325197,64.87576524426062,59.0638196938659,58.93744092898069,60.780798122962594,58.78250007629394,56.78420202962529,0.600977578529303,0.38689876749704966,0.21407881103225335,0.9506651725143896,153.03442038687717,-7.887291252736105,58.5179186766067,-3021200.0,ALE,XLU,Utilities,1.0,3641614336
2024-04-11,59.439998626708984,59.439998626708984,58.58000183105469,58.88999938964844,58.23617935180664,246200,17.629497578241864,49.890616031325884,59.04345576817592,58.934011813103844,60.76495841605053,58.846999931335446,56.92904144662036,0.5054097047085904,0.4106009549393578,0.09480874976923259,1.0441889688728763,-28.377677465328382,-62.42775777327462,57.96816610004307,-3301600.0,ALE,XLU,Utilities,1.0,3641614336
2024-04-12,58.84000015258789,59.279998779296875,58.310001373291016,58.33000183105469,57.68239974975586,247700,16.671726427841016,50.154432342294605,59.028840874982826,58.93228583571344,60.75474482754855,58.90399990081787,57.053254974087196,0.42796589136168706,0.41407394222382365,0.013891949137863402,1.0310323850715493,-34.4485930101576,-61.27166164287809,50.211501213277955,-3055400.0,ALE,XLU,Utilities,1.0,3641614336
2024-04-15,58.470001220703125,58.70000076293945,57.5,57.779998779296875,57.13850402832031,237400,16.04447177997367,46.466181505769924,58.9622847755611,58.908666855138584,60.693753003068515,58.94950008392334,57.205247164778164,0.31774126493299804,0.3948074067656585,-0.07706614183266047,1.0266727437097143,-72.84507924903897,-77.45656646284858,44.20497106738321,-3303100.0,ALE,XLU,Utilities,0.0,3641614336
2024-04-16,57.470001220703125,57.77000045776367,56.65999984741211,57.400001525878906,56.762725830078125,180900,16.186681661590153,43.11281401450544,58.84968610925022,58.86440536196832,60.72093969008786,58.92199993133545,57.12306017258304,0.18388706898758045,0.3526233392100429,-0.16873627022246246,1.0390533165118385,-131.82696315637938,-92.02282298600734,38.999918424812854,-3540500.0,ALE,XLU,Utilities,0.0,3641614336
2024-04-17,57.91999816894531,58.189998626708984,57.310001373291016,57.869998931884766,57.22750473022461,226900,16.96001736268931,40.91578834866328,58.71162091083391,58.80697776055305,60.762884648151875,58.89850006103516,57.03411547391844,0.046606797601128847,0.2914200308882601,-0.24481323328713123,1.0448351461813332,-190.92323092828372,-82.98846119443036,39.12718153157714,-3721400.0,ALE,XLU,Utilities,0.0,3641614336
2024-04-18,58.11000061035156,58.869998931884766,57.849998474121094,58.4900016784668,57.84062194824219,265500,17.17282753596575,44.67137935113868,58.631466436648275,58.77023349276214,60.761654128967564,58.89950008392334,57.03734603887912,-0.023987431611161014,0.22833853838837584,-0.2523259699995368,1.03306101098395,-122.18901401026673,-72.18391933534797,35.885910933342316,-3494500.0,ALE,XLU,Utilities,0.0,3641614336
2024-04-19,58.599998474121094,59.779998779296875,58.09000015258789,59.709999084472656,59.04707717895508,243800,16.612126818242082,49.25378310299841,58.617993602535755,58.759244009848594,60.74968049294335,58.92500019073486,57.10031988852638,-0.02956403104887073,0.17675802450092654,-0.20632205554979727,1.0321281143253587,-56.9788398771186,-57.93097763271205,35.59770796709313,-3229000.0,ALE,XLU,Utilities,0.0,3641614336
2024-04-22,59.56999969482422,60.209999084472656,59.25,59.959999084472656,59.2943000793457,175000,15.643046695513592,56.83034333965795,58.721994124624985,58.796528522578946,60.82965751494032,58.988000106811526,57.14634269868273,0.06372548076591045,0.15415151575392333,-0.09042603498801288,1.0791188652099033,13.579410084844994,-29.885050415407523,41.990270580645166,-2985200.0,ALE,XLU,Utilities,0.0,3641614336
2024-04-23,59.72999954223633,60.31999969482422,59.33000183105469,59.79999923706055,59.136077880859375,220800,15.120179826392894,58.207344053740805,58.83989935889619,58.8421548191238,60.935201686686725,59.05950012207031,57.1837985574539,0.1560323577630669,0.15452768415575205,0.0015046736073148492,1.070610309442957,69.75643718561791,-24.137921962666816,39.33775551842584,-2810200.0,ALE,XLU,Utilities,1.0,3641614336
2024-04-24,59.16999816894531,59.970001220703125,59.16999816894531,59.959999084472656,59.2943000793457,274200,14.731414936926043,56.95520310372729,58.93133744253089,58.879717345317395,61.00852743512146,59.12350006103516,57.23847268694886,0.21381089342012416,0.16638432600862646,0.0474265674114977,1.064852277609141,69.8666996093795,-27.816080664652038,46.318624528984586,-3031000.0,ALE,XLU,Utilities,1.0,3641614336
2024-04-25,59.75,59.79999923706055,59.36000061035156,59.56999969482422,58.90863037109375,193100,14.19320032017968,57.92982121296583,59.02930521795391,58.92208133508819,61.02018186878064,59.242499923706056,57.46481797863147,0.2694059061253924,0.18698864203197965,0.08241726409341274,1.0459344757626174,58.29365688617423,-24.137921962666816,46.26072776706715,-2756800.0,ALE,XLU,Utilities,1.0,3641614336
2024-04-26,59.56999969482422,59.779998779296875,59.0,59.02000045776367,58.36473846435547,159700,13.693429604629484,54.67991599863959,59.0807999300368,58.94748989821509,61.052082887107936,59.27999992370606,57.50791696030418,0.278782037063543,0.2053473210382923,0.07343471602525067,1.0140819042167943,43.02716374693402,-33.10342831786699,49.46204019840231,-2949900.0,ALE,XLU,Utilities,1.0,3641614336
2024-04-29,59.33000183105469,59.880001068115234,59.33000183105469,59.400001525878906,58.74052047729492,219400,12.80257369907083,50.38684095256062,59.07500950410602,58.95033344956993,61.01649370094472,59.248999977111815,57.48150625327891,0.23907642231152693,0.21209314129293924,0.026983281018587685,0.9973616810082288,23.770038079927215,-45.747093375052394,43.340466828860066,-3109600.0,ALE,XLU,Utilities,1.0,3641614336
2024-04-30,59.119998931884766,59.56999969482422,59.0,59.220001220703125,58.56251907348633,240000,12.091067897727369,53.12518267489739,59.105961125227246,58.967967491778126,60.997907053260725,59.2375,57.47709294673927,0.23555699257128282,0.21678591154860796,0.018771081022674857,0.9875501759613241,63.16951089619678,-25.136563041001747,42.70411721271775,-2890200.0,ALE,XLU,Utilities,1.0,3641614336
2024-05-01,59.36000061035156,61.029998779296875,59.150001525878906,60.34000015258789,59.670082092285156,247200,11.429026200885959,51.670375326092156,59.11682208670114,58.977851167422244,60.91501635758736,59.19549999237061,57.47598362715385,0.21575619572293192,0.21657996838347277,-0.0008237726605408446,0.9577251415943879,32.11100528918636,-30.054604371059582,43.239619684997805,-3130200.0,ALE,XLU,Utilities,1.0,3641614336
2024-05-02,60.4900016784668,60.91999816894531,60.34000015258789,60.84000015258789,60.16453170776367,176600,11.937695264973687,59.16378653427606,59.23331523583321,59.03126877468364,60.99977948718146,59.22450008392334,57.44922068066521,0.2871286349724542,0.23068970170126907,0.056438933271185154,1.023601721010358,105.4898621821215,-15.78944611804265,51.202062436503816,-2883000.0,ALE,XLU,Utilities,1.0,3641614336
2024-05-03,62.0,65.86000061035156,61.849998474121094,64.2699966430664,63.55644607543945,1472400,12.410030824483723,61.99664672349742,59.386332846952705,59.10219941695439,61.20613059270778,59.296500015258786,57.38686943780979,0.3796611314218268,0.2604839876453806,0.11917714377644617,0.9919157421065768,135.25921856915488,-4.347795724220889,58.19825864685888,-2706400.0,ALE,XLU,Utilities,1.0,3641614336
2024-05-06,64.5,64.94000244140625,62.95000076293945,63.0099983215332,62.3104362487793,3440100,15.462239001649815,74.87370154593569,59.85144368467782,59.30485813170388,62.4337506670566,59.54449977874756,56.655248890438514,0.7214494326505729,0.35267707664641906,0.36877235600415387,1.2796360789392265,312.5872543121751,-17.282650385097803,76.32241850888329,-1234000.0,ALE,XLU,Utilities,1.0,3641614336
2024-05-07,63.38999938964844,63.529998779296875,62.939998626708984,63.099998474121094,62.399436950683594,1504700,18.296432309018332,66.02348234966436,60.15225841199738,59.45015774699131,62.915000506674644,59.67199974060058,56.42899897452652,0.880497957164458,0.45824125275002686,0.42225670441443114,1.3303764789054815,201.92261300638137,-33.33336307756418,42.46254226730098,-4674100.0,ALE,XLU,Utilities,1.0,3641614336
2024-05-08,63.20000076293945,63.279998779296875,62.529998779296875,62.7599983215332,62.06321334838867,1387200,20.91650558774105,66.32962975126894,60.43299556077107,59.59328875589836,63.33835077859323,59.790499687194824,56.24264859579642,1.0022539591163664,0.5670437940232947,0.43521016509307164,1.2774924555970821,131.57471081301372,-34.456946318984805,33.78223120203754,-3169400.0,ALE,XLU,Utilities,1.0,3641614336
2024-05-09,62.7599983215332,63.29999923706055,62.52000045776367,62.93000030517578,62.231327056884766,1279700,22.857361858413363,63.98408237979688,60.65461487131984,59.71747344474678,63.73046790618683,59.98599967956543,56.24153145294403,1.059102621303964,0.6654555594794286,0.39364706182453546,1.2398144230544335,91.97245805047079,-39.89706700365612,27.413425196173023,-4556600.0,ALE,XLU,Utilities,1.0,3641614336
2024-05-10,63.20000076293945,63.41999816894531,62.93000030517578,63.20000076293945,62.498329162597656,661800,24.668224249784508,64.65705733455948,60.87131824597279,59.8434548902538,64.10603633004858,60.1879997253418,56.269963120635005,1.1051340377095684,0.7533912551254566,0.35174278258411185,1.206970448500322,76.95684084982136,-42.71137091087844,34.36712181669119,-3276900.0,ALE,XLU,Utilities,1.0,3641614336
2024-05-13,63.25,63.79999923706055,63.25,63.5,62.79499816894531,397800,26.40460102047911,65.75161759550232,61.093097533302945,59.97508414016304,64.46112009511718,60.43149967193604,56.401879248754895,1.1501429157098144,0.8327415872423282,0.31740132846748625,1.155758121019551,73.4645998597203,-38.775504529813574,37.220154553779054,-2615100.0,ALE,XLU,Utilities,1.0,3641614336
2024-05-14,63.310001373291016,63.40999984741211,62.810001373291016,62.93000030517578,62.93000030517578,350900,28.192397587260235,66.97542897902824,61.32232633965504,60.11331613466645,64.76567266297346,60.71749973297119,56.66932680296892,1.196230802960308,0.9054394303859241,0.2907913725743838,1.116061003383947,73.72154199132838,-34.402338197906026,38.252705881602076,-2217300.0,ALE,XLU,Utilities,1.0,3641614336
2024-05-15,63.33000183105469,63.439998626708984,62.93000030517578,63.150001525878906,63.150001525878906,450800,29.239947258068145,62.41209414986134,61.47543814589511,60.22377433743152,64.84883664537617,60.99399967193604,57.139162698495916,1.1732372255442627,0.9589989894175919,0.2142382361266708,1.0856279764785925,49.00864153965243,-42.71137091087844,37.954826557879116,-2568200.0,ALE,XLU,Utilities,1.0,3641614336
2024-05-16,63.04999923706055,63.29999923706055,62.880001068115234,62.9900016784668,62.9900016784668,760400,30.229572721384592,63.447287777354454,61.63492037256024,60.33852834482162,64.9402241962034,61.25799980163574,57.57577540706808,1.1594020445986715,0.9990796004538078,0.16032244414486363,1.0445115725539218,47.44690853204869,-39.50435631716035,40.86983374322232,-2117400.0,ALE,XLU,Utilities,1.0,3641614336
2024-05-17,63.11000061035156,63.13999938964844,62.70000076293945,62.79999923706055,62.79999923706055,678300,31.073105000402386,62.10761880301578,61.76397573502753,60.44250769123908,65.00775225680849,61.48299980163574,57.958247346463,1.1225864358637097,1.0237809675357883,0.09880546832792136,0.9999034722961639,36.86605877788371,-41.83671540136617,38.890043458178184,-2877800.0,ALE,XLU,Utilities,1.0,3641614336
2024-05-20,62.79999923706055,63.709999084472656,62.79999923706055,63.650001525878906,63.650001525878906,349000,31.574264231321134,60.47463458712896,61.86264463998305,60.534958340094825,65.10831960504625,61.63749980926514,58.16668001348402,1.0657924002370862,1.0321832540760478,0.033609146161038383,0.9599102690399368,21.067805576358634,-44.606430044241584,35.908377472194765,-3556100.0,ALE,XLU,Utilities,1.0,3641614336
2024-05-21,63.599998474121094,63.849998474121094,63.470001220703125,63.5099983215332,63.5099983215332,188900,32.422656171474635,64.91849965827637,62.03286910530647,60.65711689640008,65.30878351655402,61.82199993133545,58.33521634611689,1.0769563167289533,1.0411378666066289,0.03581845012232443,0.9563452389236635,53.50069859160976,-32.935907392099764,38.22658344476809,-3207100.0,ALE,XLU,Utilities,1.0,3641614336
2024-05-22,63.47999954223633,63.5099983215332,62.810001373291016,62.970001220703125,62.970001220703125,566600,33.30091458218133,63.649153232012864,62.17354807828044,60.76899459934648,65.43856228510981,62.007499885559085,58.57643748600836,1.0622616217052112,1.0453626176263453,0.01689900407886591,0.9151775256732567,81.29644057757208,-42.572501701755655,38.013565292840745,-3396000.0,ALE,XLU,Utilities,1.0,3641614336
2024-05-23,62.81999969482422,62.81999969482422,62.33000183105469,62.56999969482422,62.56999969482422,674200,33.06103411681154,58.86803620033895,62.24940075851117,60.85530858449772,65.47890618179436,62.157999992370605,58.83709380294685,0.9955664466579393,1.0354033834326641,-0.039836936774724885,0.8998074844281804,-38.94309963358388,-72.06977182224472,35.64441066578493,-3962600.0,ALE,XLU,Utilities,1.0,3641614336
2024-05-24,62.81999969482422,62.95000076293945,62.70000076293945,62.91999816894531,62.91999816894531,224800,32.151030771637835,55.53993145196942,62.27993399054098,60.92255137313798,65.41167806232187,62.307999992370604,59.20432192241933,0.9000579519307621,1.0083342971322837,-0.10827634520152163,0.8812497633724845,-165.40684157396961,-90.80468169939608,26.20921302064685,-4636800.0,ALE,XLU,Utilities,1.0,3641614336
2024-05-28,62.81999969482422,62.900001525878906,62.41999816894531,62.41999816894531,62.41999816894531,457500,31.42634357137095,57.78865375913269,62.34089248372235,61.000882620032385,65.22208757532668,62.50299987792969,59.7839121805327,0.842892394716209,0.9752459166490688,-0.13235352193285976,0.8454462851398238,-75.35583863390909,-61.184365729888725,37.560662981104734,-4412000.0,ALE,XLU,Utilities,1.0,3641614336
2024-05-29,62.25,62.470001220703125,62.099998474121094,62.25,62.25,505300,30.346069487024028,53.61656781090095,62.34842635850549,61.05653421018583,64.97302800035216,62.653999710083006,60.334971419813854,0.7486129137678716,0.9299193160728294,-0.18130640230495776,0.8207715504869793,-133.26631044912898,-94.07917522047494,42.26267798236833,-4869500.0,ALE,XLU,Utilities,1.0,3641614336
2024-05-30,62.599998474121094,62.72999954223633,62.16999816894531,62.72999954223633,62.72999954223633,527900,28.891041793042938,52.23574675870496,62.33905241960021,61.103336790178545,64.52603948095465,62.80549964904785,61.084959817141055,0.652654914775475,0.8744664358133585,-0.22181152103788349,0.788573778779483,-173.34928858203835,-91.42848423549107,47.21997135900121,-5374800.0,ALE,XLU,Utilities,1.0,3641614336
2024-05-31,62.689998626708984,63.31999969482422,62.61000061035156,63.150001525878906,63.150001525878906,438500,27.832116860565513,55.70454336799706,62.376285478898886,61.16712748633768,64.22443751322645,62.92499961853027,61.6255617238341,0.6083270452615253,0.8212385577029918,-0.21291151244146655,0.7722471783874496,-93.57599135269535,-63.99993896484374,41.35721058941102,-4846900.0,ALE,XLU,Utilities,1.0,3641614336
2024-06-03,63.209999084472656,63.400001525878906,62.7400016784668,62.83000183105469,62.83000183105469,315600,27.46228172847436,58.54169524665473,62.44997272146841,61.2448872525942,63.921327931400896,63.040499687194824,62.15967144298875,0.6001691627675356,0.7770246787159005,-0.1768555159483649,0.7678008859649644,11.726733692933045,-39.999825613839285,39.34618478326845,-4408400.0,ALE,XLU,Utilities,1.0,3641614336
2024-06-04,62.75,63.619998931884766,62.75,63.060001373291016,63.060001373291016,410200,27.19833131744672,55.61870618614015,62.48616597000044,61.307048608612256,63.64794962228269,62.968499946594235,62.28905027090578,0.5614110835880624,0.7339019596903329,-0.17249087610227054,0.7601008117826177,13.348689305719267,-58.28552246093749,33.67337968780644,-4724000.0,ALE,XLU,Utilities,1.0,3641614336
2024-06-05,63.20000076293945,63.68000030517578,62.869998931884766,63.5099983215332,63.5099983215332,677900,27.175711488273027,57.270119071530466,62.54081696079002,61.375791854285936,63.651409489134835,62.97100009918213,62.29059070922942,0.5429947618613085,0.695720520124528,-0.15272575826321955,0.7679506775041997,48.24234616723347,-45.14269147600446,39.65408753118182,-4313800.0,ALE,XLU,Utilities,1.0,3641614336
2024-06-06,63.27000045776367,63.52000045776367,62.75,62.9900016784668,62.9900016784668,420600,27.21663947376217,60.37664004585236,62.63311994752746,61.459486225550535,63.70986743475221,62.99150009155274,62.27313274835326,0.5582752377259226,0.6682314636448069,-0.10995622591888432,0.7709542986318293,91.87232856201787,-19.42858014787946,41.70231120234676,-3635900.0,ALE,XLU,Utilities,1.0,3641614336
2024-06-07,62.54999923706055,63.20000076293945,62.5,62.900001525878906,62.900001525878906,396700,27.027399016862294,55.36739419835557,62.6671086838074,61.51950643939039,63.713496184425516,63.003000259399414,62.29250433437331,0.5224037958626866,0.6390659300883829,-0.11666213422569627,0.7708861671412466,29.68519764013498,-49.14267403738839,43.90799158895635,-4056500.0,ALE,XLU,Utilities,0.0,3641614336
